periodo,valor,codigo,url_origen,fecha_descarga,hash_respuesta,indicador
Ene.2020,3.32776363636364,PN01207PM,https://estadisticas.bcrp.gob.pe/estadisticas/series/api/PN01207PM/json/2020-1/2026-8/esp,2026-08-27,8b10c4e349ddb12e,Tipo de cambio interbancario (S/ por US$) — promedio del periodo
Feb.2020,3.39138,PN01207PM,https://estadisticas.bcrp.gob.pe/estadisticas/series/api/PN01207PM/json/2020-1/2026-8/esp,2026-08-27,8b10c4e349ddb12e,Tipo de cambio interbancario (S/ por US$) — promedio del periodo
Mar.2020,3.49255454545455,PN01207PM,https://estadisticas.bcrp.gob.pe/estadisticas/series/api/PN01207PM/json/2020-1/2026-8/esp,2026-08-27,8b10c4e349ddb12e,Tipo de cambio interbancario (S/ por US$) — promedio del periodo
Abr.2020,3.39842,PN01207PM,https://estadisticas.bcrp.gob.pe/estadisticas/series/api/PN01207PM/json/2020-1/2026-8/esp,2026-08-27,8b10c4e349ddb12e,Tipo de cambio interbancario (S/ por US$) — promedio del periodo
May.2020,3.42185,PN01207PM,https://estadisticas.bcrp.gob.pe/estadisticas/series/api/PN01207PM/json/2020-1/2026-8/esp,2026-08-27,8b10c4e349ddb12e,Tipo de cambio interbancario (S/ por US$) — promedio del periodo
Jun.2020,3.47109523809524,PN01207PM,https://estadisticas.bcrp.gob.pe/estadisticas/series/api/PN01207PM/json/2020-1/2026-8/esp,2026-08-27,8b10c4e349ddb12e,Tipo de cambio interbancario (S/ por US$) — promedio del periodo
Jul.2020,3.51734090909091,PN01207PM,https://estadisticas.bcrp.gob.pe/estadisticas/series/api/PN01207PM/json/2020-1/2026-8/esp,2026-08-27,8b10c4e349ddb12e,Tipo de cambio interbancario (S/ por US$) — promedio del periodo
Ago.2020,3.56454761904762,PN01207PM,https://estadisticas.bcrp.gob.pe/estadisticas/series/api/PN01207PM/json/2020-1/2026-8/esp,2026-08-27,8b10c4e349ddb12e,Tipo de cambio interbancario (S/ por US$) — promedio del periodo
Sep.2020,3.55575909090909,PN01207PM,https://estadisticas.bcrp.gob.pe/estadisticas/series/api/PN01207PM/json/2020-1/2026-8/esp,2026-08-27,8b10c4e349ddb12e,Tipo de cambio interbancario (S/ por US$) — promedio del periodo
Oct.2020,3.59613636363636,PN01207PM,https://estadisticas.bcrp.gob.pe/estadisticas/series/api/PN01207PM/json/2020-1/2026-8/esp,2026-08-27,8b10c4e349ddb12e,Tipo de cambio interbancario (S/ por US$) — promedio del periodo
Nov.2020,3.60871904761905,PN01207PM,https://estadisticas.bcrp.gob.pe/estadisticas/series/api/PN01207PM/json/2020-1/2026-8/esp,2026-08-27,8b10c4e349ddb12e,Tipo de cambio interbancario (S/ por US$) — promedio del periodo
Dic.2020,3.60324285714286,PN01207PM,https://estadisticas.bcrp.gob.pe/estadisticas/series/api/PN01207PM/json/2020-1/2026-8/esp,2026-08-27,8b10c4e349ddb12e,Tipo de cambio interbancario (S/ por US$) — promedio del periodo
Ene.2021,3.62495,PN01207PM,https://estadisticas.bcrp.gob.pe/estadisticas/series/api/PN01207PM/json/2020-1/2026-8/esp,2026-08-27,8b10c4e349ddb12e,Tipo de cambio interbancario (S/ por US$) — promedio del periodo
Feb.2021,3.64569,PN01207PM,https://estadisticas.bcrp.gob.pe/estadisticas/series/api/PN01207PM/json/2020-1/2026-8/esp,2026-08-27,8b10c4e349ddb12e,Tipo de cambio interbancario (S/ por US$) — promedio del periodo
Mar.2021,3.70917826086957,PN01207PM,https://estadisticas.bcrp.gob.pe/estadisticas/series/api/PN01207PM/json/2020-1/2026-8/esp,2026-08-27,8b10c4e349ddb12e,Tipo de cambio interbancario (S/ por US$) — promedio del periodo
Abr.2021,3.699525,PN01207PM,https://estadisticas.bcrp.gob.pe/estadisticas/series/api/PN01207PM/json/2020-1/2026-8/esp,2026-08-27,8b10c4e349ddb12e,Tipo de cambio interbancario (S/ por US$) — promedio del periodo
May.2021,3.77475714285714,PN01207PM,https://estadisticas.bcrp.gob.pe/estadisticas/series/api/PN01207PM/json/2020-1/2026-8/esp,2026-08-27,8b10c4e349ddb12e,Tipo de cambio interbancario (S/ por US$) — promedio del periodo
Jun.2021,3.91160476190476,PN01207PM,https://estadisticas.bcrp.gob.pe/estadisticas/series/api/PN01207PM/json/2020-1/2026-8/esp,2026-08-27,8b10c4e349ddb12e,Tipo de cambio interbancario (S/ por US$) — promedio del periodo
Jul.2021,3.942455,PN01207PM,https://estadisticas.bcrp.gob.pe/estadisticas/series/api/PN01207PM/json/2020-1/2026-8/esp,2026-08-27,8b10c4e349ddb12e,Tipo de cambio interbancario (S/ por US$) — promedio del periodo
Ago.2021,4.08725238095238,PN01207PM,https://estadisticas.bcrp.gob.pe/estadisticas/series/api/PN01207PM/json/2020-1/2026-8/esp,2026-08-27,8b10c4e349ddb12e,Tipo de cambio interbancario (S/ por US$) — promedio del periodo
Sep.2021,4.10805454545454,PN01207PM,https://estadisticas.bcrp.gob.pe/estadisticas/series/api/PN01207PM/json/2020-1/2026-8/esp,2026-08-27,8b10c4e349ddb12e,Tipo de cambio interbancario (S/ por US$) — promedio del periodo
Oct.2021,4.01368,PN01207PM,https://estadisticas.bcrp.gob.pe/estadisticas/series/api/PN01207PM/json/2020-1/2026-8/esp,2026-08-27,8b10c4e349ddb12e,Tipo de cambio interbancario (S/ por US$) — promedio del periodo
Nov.2021,4.02049523809524,PN01207PM,https://estadisticas.bcrp.gob.pe/estadisticas/series/api/PN01207PM/json/2020-1/2026-8/esp,2026-08-27,8b10c4e349ddb12e,Tipo de cambio interbancario (S/ por US$) — promedio del periodo
Dic.2021,4.03686818181818,PN01207PM,https://estadisticas.bcrp.gob.pe/estadisticas/series/api/PN01207PM/json/2020-1/2026-8/esp,2026-08-27,8b10c4e349ddb12e,Tipo de cambio interbancario (S/ por US$) — promedio del periodo
Ene.2022,3.88834285714286,PN01207PM,https://estadisticas.bcrp.gob.pe/estadisticas/series/api/PN01207PM/json/2020-1/2026-8/esp,2026-08-27,8b10c4e349ddb12e,Tipo de cambio interbancario (S/ por US$) — promedio del periodo
Feb.2022,3.790945,PN01207PM,https://estadisticas.bcrp.gob.pe/estadisticas/series/api/PN01207PM/json/2020-1/2026-8/esp,2026-08-27,8b10c4e349ddb12e,Tipo de cambio interbancario (S/ por US$) — promedio del periodo
Mar.2022,3.73862173913043,PN01207PM,https://estadisticas.bcrp.gob.pe/estadisticas/series/api/PN01207PM/json/2020-1/2026-8/esp,2026-08-27,8b10c4e349ddb12e,Tipo de cambio interbancario (S/ por US$) — promedio del periodo
Abr.2022,3.74100526315789,PN01207PM,https://estadisticas.bcrp.gob.pe/estadisticas/series/api/PN01207PM/json/2020-1/2026-8/esp,2026-08-27,8b10c4e349ddb12e,Tipo de cambio interbancario (S/ por US$) — promedio del periodo
May.2022,3.75727727272727,PN01207PM,https://estadisticas.bcrp.gob.pe/estadisticas/series/api/PN01207PM/json/2020-1/2026-8/esp,2026-08-27,8b10c4e349ddb12e,Tipo de cambio interbancario (S/ por US$) — promedio del periodo
Jun.2022,3.74843809523809,PN01207PM,https://estadisticas.bcrp.gob.pe/estadisticas/series/api/PN01207PM/json/2020-1/2026-8/esp,2026-08-27,8b10c4e349ddb12e,Tipo de cambio interbancario (S/ por US$) — promedio del periodo
Jul.2022,3.90343684210526,PN01207PM,https://estadisticas.bcrp.gob.pe/estadisticas/series/api/PN01207PM/json/2020-1/2026-8/esp,2026-08-27,8b10c4e349ddb12e,Tipo de cambio interbancario (S/ por US$) — promedio del periodo
Ago.2022,3.87355909090909,PN01207PM,https://estadisticas.bcrp.gob.pe/estadisticas/series/api/PN01207PM/json/2020-1/2026-8/esp,2026-08-27,8b10c4e349ddb12e,Tipo de cambio interbancario (S/ por US$) — promedio del periodo
Sep.2022,3.89895909090909,PN01207PM,https://estadisticas.bcrp.gob.pe/estadisticas/series/api/PN01207PM/json/2020-1/2026-8/esp,2026-08-27,8b10c4e349ddb12e,Tipo de cambio interbancario (S/ por US$) — promedio del periodo
Oct.2022,3.97934761904762,PN01207PM,https://estadisticas.bcrp.gob.pe/estadisticas/series/api/PN01207PM/json/2020-1/2026-8/esp,2026-08-27,8b10c4e349ddb12e,Tipo de cambio interbancario (S/ por US$) — promedio del periodo
Nov.2022,3.87657619047619,PN01207PM,https://estadisticas.bcrp.gob.pe/estadisticas/series/api/PN01207PM/json/2020-1/2026-8/esp,2026-08-27,8b10c4e349ddb12e,Tipo de cambio interbancario (S/ por US$) — promedio del periodo
Dic.2022,3.828975,PN01207PM,https://estadisticas.bcrp.gob.pe/estadisticas/series/api/PN01207PM/json/2020-1/2026-8/esp,2026-08-27,8b10c4e349ddb12e,Tipo de cambio interbancario (S/ por US$) — promedio del periodo
Ene.2023,3.83380476190476,PN01207PM,https://estadisticas.bcrp.gob.pe/estadisticas/series/api/PN01207PM/json/2020-1/2026-8/esp,2026-08-27,8b10c4e349ddb12e,Tipo de cambio interbancario (S/ por US$) — promedio del periodo
Feb.2023,3.84146,PN01207PM,https://estadisticas.bcrp.gob.pe/estadisticas/series/api/PN01207PM/json/2020-1/2026-8/esp,2026-08-27,8b10c4e349ddb12e,Tipo de cambio interbancario (S/ por US$) — promedio del periodo
Mar.2023,3.77916086956522,PN01207PM,https://estadisticas.bcrp.gob.pe/estadisticas/series/api/PN01207PM/json/2020-1/2026-8/esp,2026-08-27,8b10c4e349ddb12e,Tipo de cambio interbancario (S/ por US$) — promedio del periodo
Abr.2023,3.76545,PN01207PM,https://estadisticas.bcrp.gob.pe/estadisticas/series/api/PN01207PM/json/2020-1/2026-8/esp,2026-08-27,8b10c4e349ddb12e,Tipo de cambio interbancario (S/ por US$) — promedio del periodo
May.2023,3.68866818181818,PN01207PM,https://estadisticas.bcrp.gob.pe/estadisticas/series/api/PN01207PM/json/2020-1/2026-8/esp,2026-08-27,8b10c4e349ddb12e,Tipo de cambio interbancario (S/ por US$) — promedio del periodo
Jun.2023,3.65041904761905,PN01207PM,https://estadisticas.bcrp.gob.pe/estadisticas/series/api/PN01207PM/json/2020-1/2026-8/esp,2026-08-27,8b10c4e349ddb12e,Tipo de cambio interbancario (S/ por US$) — promedio del periodo
Jul.2023,3.601255,PN01207PM,https://estadisticas.bcrp.gob.pe/estadisticas/series/api/PN01207PM/json/2020-1/2026-8/esp,2026-08-27,8b10c4e349ddb12e,Tipo de cambio interbancario (S/ por US$) — promedio del periodo
Ago.2023,3.69776818181818,PN01207PM,https://estadisticas.bcrp.gob.pe/estadisticas/series/api/PN01207PM/json/2020-1/2026-8/esp,2026-08-27,8b10c4e349ddb12e,Tipo de cambio interbancario (S/ por US$) — promedio del periodo
Sep.2023,3.73099523809524,PN01207PM,https://estadisticas.bcrp.gob.pe/estadisticas/series/api/PN01207PM/json/2020-1/2026-8/esp,2026-08-27,8b10c4e349ddb12e,Tipo de cambio interbancario (S/ por US$) — promedio del periodo
Oct.2023,3.84575909090909,PN01207PM,https://estadisticas.bcrp.gob.pe/estadisticas/series/api/PN01207PM/json/2020-1/2026-8/esp,2026-08-27,8b10c4e349ddb12e,Tipo de cambio interbancario (S/ por US$) — promedio del periodo
Nov.2023,3.76079523809524,PN01207PM,https://estadisticas.bcrp.gob.pe/estadisticas/series/api/PN01207PM/json/2020-1/2026-8/esp,2026-08-27,8b10c4e349ddb12e,Tipo de cambio interbancario (S/ por US$) — promedio del periodo
Dic.2023,3.73394210526316,PN01207PM,https://estadisticas.bcrp.gob.pe/estadisticas/series/api/PN01207PM/json/2020-1/2026-8/esp,2026-08-27,8b10c4e349ddb12e,Tipo de cambio interbancario (S/ por US$) — promedio del periodo
Ene.2024,3.74074285714286,PN01207PM,https://estadisticas.bcrp.gob.pe/estadisticas/series/api/PN01207PM/json/2020-1/2026-8/esp,2026-08-27,8b10c4e349ddb12e,Tipo de cambio interbancario (S/ por US$) — promedio del periodo
Feb.2024,3.8279380952381,PN01207PM,https://estadisticas.bcrp.gob.pe/estadisticas/series/api/PN01207PM/json/2020-1/2026-8/esp,2026-08-27,8b10c4e349ddb12e,Tipo de cambio interbancario (S/ por US$) — promedio del periodo
Mar.2024,3.70898947368421,PN01207PM,https://estadisticas.bcrp.gob.pe/estadisticas/series/api/PN01207PM/json/2020-1/2026-8/esp,2026-08-27,8b10c4e349ddb12e,Tipo de cambio interbancario (S/ por US$) — promedio del periodo
Abr.2024,3.71503181818182,PN01207PM,https://estadisticas.bcrp.gob.pe/estadisticas/series/api/PN01207PM/json/2020-1/2026-8/esp,2026-08-27,8b10c4e349ddb12e,Tipo de cambio interbancario (S/ por US$) — promedio del periodo
May.2024,3.73172727272727,PN01207PM,https://estadisticas.bcrp.gob.pe/estadisticas/series/api/PN01207PM/json/2020-1/2026-8/esp,2026-08-27,8b10c4e349ddb12e,Tipo de cambio interbancario (S/ por US$) — promedio del periodo
Jun.2024,3.7867052631579,PN01207PM,https://estadisticas.bcrp.gob.pe/estadisticas/series/api/PN01207PM/json/2020-1/2026-8/esp,2026-08-27,8b10c4e349ddb12e,Tipo de cambio interbancario (S/ por US$) — promedio del periodo
Jul.2024,3.764135,PN01207PM,https://estadisticas.bcrp.gob.pe/estadisticas/series/api/PN01207PM/json/2020-1/2026-8/esp,2026-08-27,8b10c4e349ddb12e,Tipo de cambio interbancario (S/ por US$) — promedio del periodo
Ago.2024,3.74185,PN01207PM,https://estadisticas.bcrp.gob.pe/estadisticas/series/api/PN01207PM/json/2020-1/2026-8/esp,2026-08-27,8b10c4e349ddb12e,Tipo de cambio interbancario (S/ por US$) — promedio del periodo
Sep.2024,3.7689619047619,PN01207PM,https://estadisticas.bcrp.gob.pe/estadisticas/series/api/PN01207PM/json/2020-1/2026-8/esp,2026-08-27,8b10c4e349ddb12e,Tipo de cambio interbancario (S/ por US$) — promedio del periodo
Oct.2024,3.75436363636364,PN01207PM,https://estadisticas.bcrp.gob.pe/estadisticas/series/api/PN01207PM/json/2020-1/2026-8/esp,2026-08-27,8b10c4e349ddb12e,Tipo de cambio interbancario (S/ por US$) — promedio del periodo
Nov.2024,3.779135,PN01207PM,https://estadisticas.bcrp.gob.pe/estadisticas/series/api/PN01207PM/json/2020-1/2026-8/esp,2026-08-27,8b10c4e349ddb12e,Tipo de cambio interbancario (S/ por US$) — promedio del periodo
Dic.2024,3.73553684210526,PN01207PM,https://estadisticas.bcrp.gob.pe/estadisticas/series/api/PN01207PM/json/2020-1/2026-8/esp,2026-08-27,8b10c4e349ddb12e,Tipo de cambio interbancario (S/ por US$) — promedio del periodo
Ene.2025,3.74692272727273,PN01207PM,https://estadisticas.bcrp.gob.pe/estadisticas/series/api/PN01207PM/json/2020-1/2026-8/esp,2026-08-27,8b10c4e349ddb12e,Tipo de cambio interbancario (S/ por US$) — promedio del periodo
Feb.2025,3.69685,PN01207PM,https://estadisticas.bcrp.gob.pe/estadisticas/series/api/PN01207PM/json/2020-1/2026-8/esp,2026-08-27,8b10c4e349ddb12e,Tipo de cambio interbancario (S/ por US$) — promedio del periodo
Mar.2025,3.65248571428571,PN01207PM,https://estadisticas.bcrp.gob.pe/estadisticas/series/api/PN01207PM/json/2020-1/2026-8/esp,2026-08-27,8b10c4e349ddb12e,Tipo de cambio interbancario (S/ por US$) — promedio del periodo
Abr.2025,3.70003,PN01207PM,https://estadisticas.bcrp.gob.pe/estadisticas/series/api/PN01207PM/json/2020-1/2026-8/esp,2026-08-27,8b10c4e349ddb12e,Tipo de cambio interbancario (S/ por US$) — promedio del periodo
May.2025,3.65991428571429,PN01207PM,https://estadisticas.bcrp.gob.pe/estadisticas/series/api/PN01207PM/json/2020-1/2026-8/esp,2026-08-27,8b10c4e349ddb12e,Tipo de cambio interbancario (S/ por US$) — promedio del periodo
Jun.2025,3.60219523809524,PN01207PM,https://estadisticas.bcrp.gob.pe/estadisticas/series/api/PN01207PM/json/2020-1/2026-8/esp,2026-08-27,8b10c4e349ddb12e,Tipo de cambio interbancario (S/ por US$) — promedio del periodo
Jul.2025,3.556945,PN01207PM,https://estadisticas.bcrp.gob.pe/estadisticas/series/api/PN01207PM/json/2020-1/2026-8/esp,2026-08-27,8b10c4e349ddb12e,Tipo de cambio interbancario (S/ por US$) — promedio del periodo
Ago.2025,3.542385,PN01207PM,https://estadisticas.bcrp.gob.pe/estadisticas/series/api/PN01207PM/json/2020-1/2026-8/esp,2026-08-27,8b10c4e349ddb12e,Tipo de cambio interbancario (S/ por US$) — promedio del periodo
Sep.2025,3.50180454545455,PN01207PM,https://estadisticas.bcrp.gob.pe/estadisticas/series/api/PN01207PM/json/2020-1/2026-8/esp,2026-08-27,8b10c4e349ddb12e,Tipo de cambio interbancario (S/ por US$) — promedio del periodo
Oct.2025,3.41322727272727,PN01207PM,https://estadisticas.bcrp.gob.pe/estadisticas/series/api/PN01207PM/json/2020-1/2026-8/esp,2026-08-27,8b10c4e349ddb12e,Tipo de cambio interbancario (S/ por US$) — promedio del periodo
Nov.2025,3.37263,PN01207PM,https://estadisticas.bcrp.gob.pe/estadisticas/series/api/PN01207PM/json/2020-1/2026-8/esp,2026-08-27,8b10c4e349ddb12e,Tipo de cambio interbancario (S/ por US$) — promedio del periodo
Dic.2025,3.36686315789474,PN01207PM,https://estadisticas.bcrp.gob.pe/estadisticas/series/api/PN01207PM/json/2020-1/2026-8/esp,2026-08-27,8b10c4e349ddb12e,Tipo de cambio interbancario (S/ por US$) — promedio del periodo
Ene.2026,3.356115,PN01207PM,https://estadisticas.bcrp.gob.pe/estadisticas/series/api/PN01207PM/json/2020-1/2026-8/esp,2026-08-27,8b10c4e349ddb12e,Tipo de cambio interbancario (S/ por US$) — promedio del periodo
Feb.2026,3.35664,PN01207PM,https://estadisticas.bcrp.gob.pe/estadisticas/series/api/PN01207PM/json/2020-1/2026-8/esp,2026-08-27,8b10c4e349ddb12e,Tipo de cambio interbancario (S/ por US$) — promedio del periodo
Mar.2026,3.44835909090909,PN01207PM,https://estadisticas.bcrp.gob.pe/estadisticas/series/api/PN01207PM/json/2020-1/2026-8/esp,2026-08-27,8b10c4e349ddb12e,Tipo de cambio interbancario (S/ por US$) — promedio del periodo
Abr.2026,3.44349,PN01207PM,https://estadisticas.bcrp.gob.pe/estadisticas/series/api/PN01207PM/json/2020-1/2026-8/esp,2026-08-27,8b10c4e349ddb12e,Tipo de cambio interbancario (S/ por US$) — promedio del periodo
May.2026,3.435275,PN01207PM,https://estadisticas.bcrp.gob.pe/estadisticas/series/api/PN01207PM/json/2020-1/2026-8/esp,2026-08-27,8b10c4e349ddb12e,Tipo de cambio interbancario (S/ por US$) — promedio del periodo
Jun.2026,3.40596190476191,PN01207PM,https://estadisticas.bcrp.gob.pe/estadisticas/series/api/PN01207PM/json/2020-1/2026-8/esp,2026-08-27,8b10c4e349ddb12e,Tipo de cambio interbancario (S/ por US$) — promedio del periodo
Jul.2026,3.40022631578947,PN01207PM,https://estadisticas.bcrp.gob.pe/estadisticas/series/api/PN01207PM/json/2020-1/2026-8/esp,2026-08-27,8b10c4e349ddb12e,Tipo de cambio interbancario (S/ por US$) — promedio del periodo
Ene.2020,1.88835605229068,PN01273PM,https://estadisticas.bcrp.gob.pe/estadisticas/series/api/PN01273PM/json/2020-1/2026-8/esp,2026-08-27,39de7831315b406c,IPC de Lima Metropolitana — variación % de los últimos 12 meses
Feb.2020,1.90403776113918,PN01273PM,https://estadisticas.bcrp.gob.pe/estadisticas/series/api/PN01273PM/json/2020-1/2026-8/esp,2026-08-27,39de7831315b406c,IPC de Lima Metropolitana — variación % de los últimos 12 meses
Mar.2020,1.82153296943842,PN01273PM,https://estadisticas.bcrp.gob.pe/estadisticas/series/api/PN01273PM/json/2020-1/2026-8/esp,2026-08-27,39de7831315b406c,IPC de Lima Metropolitana — variación % de los últimos 12 meses
Abr.2020,1.72448975655499,PN01273PM,https://estadisticas.bcrp.gob.pe/estadisticas/series/api/PN01273PM/json/2020-1/2026-8/esp,2026-08-27,39de7831315b406c,IPC de Lima Metropolitana — variación % de los últimos 12 meses
May.2020,1.7819197522911,PN01273PM,https://estadisticas.bcrp.gob.pe/estadisticas/series/api/PN01273PM/json/2020-1/2026-8/esp,2026-08-27,39de7831315b406c,IPC de Lima Metropolitana — variación % de los últimos 12 meses
Jun.2020,1.59873239164688,PN01273PM,https://estadisticas.bcrp.gob.pe/estadisticas/series/api/PN01273PM/json/2020-1/2026-8/esp,2026-08-27,39de7831315b406c,IPC de Lima Metropolitana — variación % de los últimos 12 meses
Jul.2020,1.8616957242678,PN01273PM,https://estadisticas.bcrp.gob.pe/estadisticas/series/api/PN01273PM/json/2020-1/2026-8/esp,2026-08-27,39de7831315b406c,IPC de Lima Metropolitana — variación % de los últimos 12 meses
Ago.2020,1.68739824186658,PN01273PM,https://estadisticas.bcrp.gob.pe/estadisticas/series/api/PN01273PM/json/2020-1/2026-8/esp,2026-08-27,39de7831315b406c,IPC de Lima Metropolitana — variación % de los últimos 12 meses
Sep.2020,1.81955390705632,PN01273PM,https://estadisticas.bcrp.gob.pe/estadisticas/series/api/PN01273PM/json/2020-1/2026-8/esp,2026-08-27,39de7831315b406c,IPC de Lima Metropolitana — variación % de los últimos 12 meses
Oct.2020,1.72400036113651,PN01273PM,https://estadisticas.bcrp.gob.pe/estadisticas/series/api/PN01273PM/json/2020-1/2026-8/esp,2026-08-27,39de7831315b406c,IPC de Lima Metropolitana — variación % de los últimos 12 meses
Nov.2020,2.14220969430481,PN01273PM,https://estadisticas.bcrp.gob.pe/estadisticas/series/api/PN01273PM/json/2020-1/2026-8/esp,2026-08-27,39de7831315b406c,IPC de Lima Metropolitana — variación % de los últimos 12 meses
Dic.2020,1.97323222946074,PN01273PM,https://estadisticas.bcrp.gob.pe/estadisticas/series/api/PN01273PM/json/2020-1/2026-8/esp,2026-08-27,39de7831315b406c,IPC de Lima Metropolitana — variación % de los últimos 12 meses
Ene.2021,2.67554538350913,PN01273PM,https://estadisticas.bcrp.gob.pe/estadisticas/series/api/PN01273PM/json/2020-1/2026-8/esp,2026-08-27,39de7831315b406c,IPC de Lima Metropolitana — variación % de los últimos 12 meses
Feb.2021,2.4013422122209,PN01273PM,https://estadisticas.bcrp.gob.pe/estadisticas/series/api/PN01273PM/json/2020-1/2026-8/esp,2026-08-27,39de7831315b406c,IPC de Lima Metropolitana — variación % de los últimos 12 meses
Mar.2021,2.59818523324116,PN01273PM,https://estadisticas.bcrp.gob.pe/estadisticas/series/api/PN01273PM/json/2020-1/2026-8/esp,2026-08-27,39de7831315b406c,IPC de Lima Metropolitana — variación % de los últimos 12 meses
Abr.2021,2.38369772363027,PN01273PM,https://estadisticas.bcrp.gob.pe/estadisticas/series/api/PN01273PM/json/2020-1/2026-8/esp,2026-08-27,39de7831315b406c,IPC de Lima Metropolitana — variación % de los últimos 12 meses
May.2021,2.44745902560864,PN01273PM,https://estadisticas.bcrp.gob.pe/estadisticas/series/api/PN01273PM/json/2020-1/2026-8/esp,2026-08-27,39de7831315b406c,IPC de Lima Metropolitana — variación % de los últimos 12 meses
Jun.2021,3.25460667105263,PN01273PM,https://estadisticas.bcrp.gob.pe/estadisticas/series/api/PN01273PM/json/2020-1/2026-8/esp,2026-08-27,39de7831315b406c,IPC de Lima Metropolitana — variación % de los últimos 12 meses
Jul.2021,3.81459906516264,PN01273PM,https://estadisticas.bcrp.gob.pe/estadisticas/series/api/PN01273PM/json/2020-1/2026-8/esp,2026-08-27,39de7831315b406c,IPC de Lima Metropolitana — variación % de los últimos 12 meses
Ago.2021,4.95280459648037,PN01273PM,https://estadisticas.bcrp.gob.pe/estadisticas/series/api/PN01273PM/json/2020-1/2026-8/esp,2026-08-27,39de7831315b406c,IPC de Lima Metropolitana — variación % de los últimos 12 meses
Sep.2021,5.22957455422953,PN01273PM,https://estadisticas.bcrp.gob.pe/estadisticas/series/api/PN01273PM/json/2020-1/2026-8/esp,2026-08-27,39de7831315b406c,IPC de Lima Metropolitana — variación % de los últimos 12 meses
Oct.2021,5.82600992647617,PN01273PM,https://estadisticas.bcrp.gob.pe/estadisticas/series/api/PN01273PM/json/2020-1/2026-8/esp,2026-08-27,39de7831315b406c,IPC de Lima Metropolitana — variación % de los últimos 12 meses
Nov.2021,5.65514784662318,PN01273PM,https://estadisticas.bcrp.gob.pe/estadisticas/series/api/PN01273PM/json/2020-1/2026-8/esp,2026-08-27,39de7831315b406c,IPC de Lima Metropolitana — variación % de los últimos 12 meses
Dic.2021,6.43038716340725,PN01273PM,https://estadisticas.bcrp.gob.pe/estadisticas/series/api/PN01273PM/json/2020-1/2026-8/esp,2026-08-27,39de7831315b406c,IPC de Lima Metropolitana — variación % de los últimos 12 meses
Ene.2022,5.68491659367423,PN01273PM,https://estadisticas.bcrp.gob.pe/estadisticas/series/api/PN01273PM/json/2020-1/2026-8/esp,2026-08-27,39de7831315b406c,IPC de Lima Metropolitana — variación % de los últimos 12 meses
Feb.2022,6.1470442223465,PN01273PM,https://estadisticas.bcrp.gob.pe/estadisticas/series/api/PN01273PM/json/2020-1/2026-8/esp,2026-08-27,39de7831315b406c,IPC de Lima Metropolitana — variación % de los últimos 12 meses
Mar.2022,6.82408900736014,PN01273PM,https://estadisticas.bcrp.gob.pe/estadisticas/series/api/PN01273PM/json/2020-1/2026-8/esp,2026-08-27,39de7831315b406c,IPC de Lima Metropolitana — variación % de los últimos 12 meses
Abr.2022,7.96465277256915,PN01273PM,https://estadisticas.bcrp.gob.pe/estadisticas/series/api/PN01273PM/json/2020-1/2026-8/esp,2026-08-27,39de7831315b406c,IPC de Lima Metropolitana — variación % de los últimos 12 meses
May.2022,8.09113893196794,PN01273PM,https://estadisticas.bcrp.gob.pe/estadisticas/series/api/PN01273PM/json/2020-1/2026-8/esp,2026-08-27,39de7831315b406c,IPC de Lima Metropolitana — variación % de los últimos 12 meses
Jun.2022,8.81263294388897,PN01273PM,https://estadisticas.bcrp.gob.pe/estadisticas/series/api/PN01273PM/json/2020-1/2026-8/esp,2026-08-27,39de7831315b406c,IPC de Lima Metropolitana — variación % de los últimos 12 meses
Jul.2022,8.74083491516008,PN01273PM,https://estadisticas.bcrp.gob.pe/estadisticas/series/api/PN01273PM/json/2020-1/2026-8/esp,2026-08-27,39de7831315b406c,IPC de Lima Metropolitana — variación % de los últimos 12 meses
Ago.2022,8.39798830340194,PN01273PM,https://estadisticas.bcrp.gob.pe/estadisticas/series/api/PN01273PM/json/2020-1/2026-8/esp,2026-08-27,39de7831315b406c,IPC de Lima Metropolitana — variación % de los últimos 12 meses
Sep.2022,8.52985253634929,PN01273PM,https://estadisticas.bcrp.gob.pe/estadisticas/series/api/PN01273PM/json/2020-1/2026-8/esp,2026-08-27,39de7831315b406c,IPC de Lima Metropolitana — variación % de los últimos 12 meses
Oct.2022,8.27519462737062,PN01273PM,https://estadisticas.bcrp.gob.pe/estadisticas/series/api/PN01273PM/json/2020-1/2026-8/esp,2026-08-27,39de7831315b406c,IPC de Lima Metropolitana — variación % de los últimos 12 meses
Nov.2022,8.44722980234022,PN01273PM,https://estadisticas.bcrp.gob.pe/estadisticas/series/api/PN01273PM/json/2020-1/2026-8/esp,2026-08-27,39de7831315b406c,IPC de Lima Metropolitana — variación % de los últimos 12 meses
Dic.2022,8.45916200000001,PN01273PM,https://estadisticas.bcrp.gob.pe/estadisticas/series/api/PN01273PM/json/2020-1/2026-8/esp,2026-08-27,39de7831315b406c,IPC de Lima Metropolitana — variación % de los últimos 12 meses
Ene.2023,8.66426700097408,PN01273PM,https://estadisticas.bcrp.gob.pe/estadisticas/series/api/PN01273PM/json/2020-1/2026-8/esp,2026-08-27,39de7831315b406c,IPC de Lima Metropolitana — variación % de los últimos 12 meses
Feb.2023,8.64592356025242,PN01273PM,https://estadisticas.bcrp.gob.pe/estadisticas/series/api/PN01273PM/json/2020-1/2026-8/esp,2026-08-27,39de7831315b406c,IPC de Lima Metropolitana — variación % de los últimos 12 meses
Mar.2023,8.40057400933134,PN01273PM,https://estadisticas.bcrp.gob.pe/estadisticas/series/api/PN01273PM/json/2020-1/2026-8/esp,2026-08-27,39de7831315b406c,IPC de Lima Metropolitana — variación % de los últimos 12 meses
Abr.2023,7.9650458305066,PN01273PM,https://estadisticas.bcrp.gob.pe/estadisticas/series/api/PN01273PM/json/2020-1/2026-8/esp,2026-08-27,39de7831315b406c,IPC de Lima Metropolitana — variación % de los últimos 12 meses
May.2023,7.89388564823743,PN01273PM,https://estadisticas.bcrp.gob.pe/estadisticas/series/api/PN01273PM/json/2020-1/2026-8/esp,2026-08-27,39de7831315b406c,IPC de Lima Metropolitana — variación % de los últimos 12 meses
Jun.2023,6.46149699198863,PN01273PM,https://estadisticas.bcrp.gob.pe/estadisticas/series/api/PN01273PM/json/2020-1/2026-8/esp,2026-08-27,39de7831315b406c,IPC de Lima Metropolitana — variación % de los últimos 12 meses
Jul.2023,5.88160145590039,PN01273PM,https://estadisticas.bcrp.gob.pe/estadisticas/series/api/PN01273PM/json/2020-1/2026-8/esp,2026-08-27,39de7831315b406c,IPC de Lima Metropolitana — variación % de los últimos 12 meses
Ago.2023,5.57614720330122,PN01273PM,https://estadisticas.bcrp.gob.pe/estadisticas/series/api/PN01273PM/json/2020-1/2026-8/esp,2026-08-27,39de7831315b406c,IPC de Lima Metropolitana — variación % de los últimos 12 meses
Sep.2023,5.04454594794186,PN01273PM,https://estadisticas.bcrp.gob.pe/estadisticas/series/api/PN01273PM/json/2020-1/2026-8/esp,2026-08-27,39de7831315b406c,IPC de Lima Metropolitana — variación % de los últimos 12 meses
Oct.2023,4.34308132283159,PN01273PM,https://estadisticas.bcrp.gob.pe/estadisticas/series/api/PN01273PM/json/2020-1/2026-8/esp,2026-08-27,39de7831315b406c,IPC de Lima Metropolitana — variación % de los últimos 12 meses
Nov.2023,3.63647512169549,PN01273PM,https://estadisticas.bcrp.gob.pe/estadisticas/series/api/PN01273PM/json/2020-1/2026-8/esp,2026-08-27,39de7831315b406c,IPC de Lima Metropolitana — variación % de los últimos 12 meses
Dic.2023,3.23738256432406,PN01273PM,https://estadisticas.bcrp.gob.pe/estadisticas/series/api/PN01273PM/json/2020-1/2026-8/esp,2026-08-27,39de7831315b406c,IPC de Lima Metropolitana — variación % de los últimos 12 meses
Ene.2024,3.02392174826855,PN01273PM,https://estadisticas.bcrp.gob.pe/estadisticas/series/api/PN01273PM/json/2020-1/2026-8/esp,2026-08-27,39de7831315b406c,IPC de Lima Metropolitana — variación % de los últimos 12 meses
Feb.2024,3.29406696032184,PN01273PM,https://estadisticas.bcrp.gob.pe/estadisticas/series/api/PN01273PM/json/2020-1/2026-8/esp,2026-08-27,39de7831315b406c,IPC de Lima Metropolitana — variación % de los últimos 12 meses
Mar.2024,3.04504592593905,PN01273PM,https://estadisticas.bcrp.gob.pe/estadisticas/series/api/PN01273PM/json/2020-1/2026-8/esp,2026-08-27,39de7831315b406c,IPC de Lima Metropolitana — variación % de los últimos 12 meses
Abr.2024,2.42207617792805,PN01273PM,https://estadisticas.bcrp.gob.pe/estadisticas/series/api/PN01273PM/json/2020-1/2026-8/esp,2026-08-27,39de7831315b406c,IPC de Lima Metropolitana — variación % de los últimos 12 meses
May.2024,2.00493835958688,PN01273PM,https://estadisticas.bcrp.gob.pe/estadisticas/series/api/PN01273PM/json/2020-1/2026-8/esp,2026-08-27,39de7831315b406c,IPC de Lima Metropolitana — variación % de los últimos 12 meses
Jun.2024,2.28538225698791,PN01273PM,https://estadisticas.bcrp.gob.pe/estadisticas/series/api/PN01273PM/json/2020-1/2026-8/esp,2026-08-27,39de7831315b406c,IPC de Lima Metropolitana — variación % de los últimos 12 meses
Jul.2024,2.1276637869709,PN01273PM,https://estadisticas.bcrp.gob.pe/estadisticas/series/api/PN01273PM/json/2020-1/2026-8/esp,2026-08-27,39de7831315b406c,IPC de Lima Metropolitana — variación % de los últimos 12 meses
Ago.2024,2.03409700303861,PN01273PM,https://estadisticas.bcrp.gob.pe/estadisticas/series/api/PN01273PM/json/2020-1/2026-8/esp,2026-08-27,39de7831315b406c,IPC de Lima Metropolitana — variación % de los últimos 12 meses
Sep.2024,1.77501053596859,PN01273PM,https://estadisticas.bcrp.gob.pe/estadisticas/series/api/PN01273PM/json/2020-1/2026-8/esp,2026-08-27,39de7831315b406c,IPC de Lima Metropolitana — variación % de los últimos 12 meses
Oct.2024,2.00918040984485,PN01273PM,https://estadisticas.bcrp.gob.pe/estadisticas/series/api/PN01273PM/json/2020-1/2026-8/esp,2026-08-27,39de7831315b406c,IPC de Lima Metropolitana — variación % de los últimos 12 meses
Nov.2024,2.27199072148831,PN01273PM,https://estadisticas.bcrp.gob.pe/estadisticas/series/api/PN01273PM/json/2020-1/2026-8/esp,2026-08-27,39de7831315b406c,IPC de Lima Metropolitana — variación % de los últimos 12 meses
Dic.2024,1.96630270142824,PN01273PM,https://estadisticas.bcrp.gob.pe/estadisticas/series/api/PN01273PM/json/2020-1/2026-8/esp,2026-08-27,39de7831315b406c,IPC de Lima Metropolitana — variación % de los últimos 12 meses
Ene.2025,1.85158283440667,PN01273PM,https://estadisticas.bcrp.gob.pe/estadisticas/series/api/PN01273PM/json/2020-1/2026-8/esp,2026-08-27,39de7831315b406c,IPC de Lima Metropolitana — variación % de los últimos 12 meses
Feb.2025,1.4773290589483,PN01273PM,https://estadisticas.bcrp.gob.pe/estadisticas/series/api/PN01273PM/json/2020-1/2026-8/esp,2026-08-27,39de7831315b406c,IPC de Lima Metropolitana — variación % de los últimos 12 meses
Mar.2025,1.27718026977924,PN01273PM,https://estadisticas.bcrp.gob.pe/estadisticas/series/api/PN01273PM/json/2020-1/2026-8/esp,2026-08-27,39de7831315b406c,IPC de Lima Metropolitana — variación % de los últimos 12 meses
Abr.2025,1.65183401740204,PN01273PM,https://estadisticas.bcrp.gob.pe/estadisticas/series/api/PN01273PM/json/2020-1/2026-8/esp,2026-08-27,39de7831315b406c,IPC de Lima Metropolitana — variación % de los últimos 12 meses
May.2025,1.68666289219268,PN01273PM,https://estadisticas.bcrp.gob.pe/estadisticas/series/api/PN01273PM/json/2020-1/2026-8/esp,2026-08-27,39de7831315b406c,IPC de Lima Metropolitana — variación % de los últimos 12 meses
Jun.2025,1.69370904576716,PN01273PM,https://estadisticas.bcrp.gob.pe/estadisticas/series/api/PN01273PM/json/2020-1/2026-8/esp,2026-08-27,39de7831315b406c,IPC de Lima Metropolitana — variación % de los últimos 12 meses
Jul.2025,1.6888009685144,PN01273PM,https://estadisticas.bcrp.gob.pe/estadisticas/series/api/PN01273PM/json/2020-1/2026-8/esp,2026-08-27,39de7831315b406c,IPC de Lima Metropolitana — variación % de los últimos 12 meses
Ago.2025,1.10633077531991,PN01273PM,https://estadisticas.bcrp.gob.pe/estadisticas/series/api/PN01273PM/json/2020-1/2026-8/esp,2026-08-27,39de7831315b406c,IPC de Lima Metropolitana — variación % de los últimos 12 meses
Sep.2025,1.35839342135424,PN01273PM,https://estadisticas.bcrp.gob.pe/estadisticas/series/api/PN01273PM/json/2020-1/2026-8/esp,2026-08-27,39de7831315b406c,IPC de Lima Metropolitana — variación % de los últimos 12 meses
Oct.2025,1.35177475650182,PN01273PM,https://estadisticas.bcrp.gob.pe/estadisticas/series/api/PN01273PM/json/2020-1/2026-8/esp,2026-08-27,39de7831315b406c,IPC de Lima Metropolitana — variación % de los últimos 12 meses
Nov.2025,1.36861256988846,PN01273PM,https://estadisticas.bcrp.gob.pe/estadisticas/series/api/PN01273PM/json/2020-1/2026-8/esp,2026-08-27,39de7831315b406c,IPC de Lima Metropolitana — variación % de los últimos 12 meses
Dic.2025,1.50879973918667,PN01273PM,https://estadisticas.bcrp.gob.pe/estadisticas/series/api/PN01273PM/json/2020-1/2026-8/esp,2026-08-27,39de7831315b406c,IPC de Lima Metropolitana — variación % de los últimos 12 meses
Ene.2026,1.70091694832201,PN01273PM,https://estadisticas.bcrp.gob.pe/estadisticas/series/api/PN01273PM/json/2020-1/2026-8/esp,2026-08-27,39de7831315b406c,IPC de Lima Metropolitana — variación % de los últimos 12 meses
Feb.2026,2.21416625767848,PN01273PM,https://estadisticas.bcrp.gob.pe/estadisticas/series/api/PN01273PM/json/2020-1/2026-8/esp,2026-08-27,39de7831315b406c,IPC de Lima Metropolitana — variación % de los últimos 12 meses
Mar.2026,3.80454581291585,PN01273PM,https://estadisticas.bcrp.gob.pe/estadisticas/series/api/PN01273PM/json/2020-1/2026-8/esp,2026-08-27,39de7831315b406c,IPC de Lima Metropolitana — variación % de los últimos 12 meses
Abr.2026,4.01414363472928,PN01273PM,https://estadisticas.bcrp.gob.pe/estadisticas/series/api/PN01273PM/json/2020-1/2026-8/esp,2026-08-27,39de7831315b406c,IPC de Lima Metropolitana — variación % de los últimos 12 meses
May.2026,3.90505240621645,PN01273PM,https://estadisticas.bcrp.gob.pe/estadisticas/series/api/PN01273PM/json/2020-1/2026-8/esp,2026-08-27,39de7831315b406c,IPC de Lima Metropolitana — variación % de los últimos 12 meses
Jun.2026,4.00890965651766,PN01273PM,https://estadisticas.bcrp.gob.pe/estadisticas/series/api/PN01273PM/json/2020-1/2026-8/esp,2026-08-27,39de7831315b406c,IPC de Lima Metropolitana — variación % de los últimos 12 meses
Jul.2026,4.06515256208199,PN01273PM,https://estadisticas.bcrp.gob.pe/estadisticas/series/api/PN01273PM/json/2020-1/2026-8/esp,2026-08-27,39de7831315b406c,IPC de Lima Metropolitana — variación % de los últimos 12 meses
Ene.2020,162.385738087125,PN01770AM,https://estadisticas.bcrp.gob.pe/estadisticas/series/api/PN01770AM/json/2020-1/2026-8/esp,2026-08-27,8e1044f78d29b613,Producto bruto interno — índice 2007 = 100
Feb.2020,161.698428179546,PN01770AM,https://estadisticas.bcrp.gob.pe/estadisticas/series/api/PN01770AM/json/2020-1/2026-8/esp,2026-08-27,8e1044f78d29b613,Producto bruto interno — índice 2007 = 100
Mar.2020,137.513514528,PN01770AM,https://estadisticas.bcrp.gob.pe/estadisticas/series/api/PN01770AM/json/2020-1/2026-8/esp,2026-08-27,8e1044f78d29b613,Producto bruto interno — índice 2007 = 100
Abr.2020,102.875343532707,PN01770AM,https://estadisticas.bcrp.gob.pe/estadisticas/series/api/PN01770AM/json/2020-1/2026-8/esp,2026-08-27,8e1044f78d29b613,Producto bruto interno — índice 2007 = 100
May.2020,117.997641487312,PN01770AM,https://estadisticas.bcrp.gob.pe/estadisticas/series/api/PN01770AM/json/2020-1/2026-8/esp,2026-08-27,8e1044f78d29b613,Producto bruto interno — índice 2007 = 100
Jun.2020,139.382064668287,PN01770AM,https://estadisticas.bcrp.gob.pe/estadisticas/series/api/PN01770AM/json/2020-1/2026-8/esp,2026-08-27,8e1044f78d29b613,Producto bruto interno — índice 2007 = 100
Jul.2020,153.991673261532,PN01770AM,https://estadisticas.bcrp.gob.pe/estadisticas/series/api/PN01770AM/json/2020-1/2026-8/esp,2026-08-27,8e1044f78d29b613,Producto bruto interno — índice 2007 = 100
Ago.2020,156.775163672638,PN01770AM,https://estadisticas.bcrp.gob.pe/estadisticas/series/api/PN01770AM/json/2020-1/2026-8/esp,2026-08-27,8e1044f78d29b613,Producto bruto interno — índice 2007 = 100
Sep.2020,162.247835266957,PN01770AM,https://estadisticas.bcrp.gob.pe/estadisticas/series/api/PN01770AM/json/2020-1/2026-8/esp,2026-08-27,8e1044f78d29b613,Producto bruto interno — índice 2007 = 100
Oct.2020,170.514293400219,PN01770AM,https://estadisticas.bcrp.gob.pe/estadisticas/series/api/PN01770AM/json/2020-1/2026-8/esp,2026-08-27,8e1044f78d29b613,Producto bruto interno — índice 2007 = 100
Nov.2020,170.513324971153,PN01770AM,https://estadisticas.bcrp.gob.pe/estadisticas/series/api/PN01770AM/json/2020-1/2026-8/esp,2026-08-27,8e1044f78d29b613,Producto bruto interno — índice 2007 = 100
Dic.2020,191.519405008399,PN01770AM,https://estadisticas.bcrp.gob.pe/estadisticas/series/api/PN01770AM/json/2020-1/2026-8/esp,2026-08-27,8e1044f78d29b613,Producto bruto interno — índice 2007 = 100
Ene.2021,160.76619802336,PN01770AM,https://estadisticas.bcrp.gob.pe/estadisticas/series/api/PN01770AM/json/2020-1/2026-8/esp,2026-08-27,8e1044f78d29b613,Producto bruto interno — índice 2007 = 100
Feb.2021,155.519403928155,PN01770AM,https://estadisticas.bcrp.gob.pe/estadisticas/series/api/PN01770AM/json/2020-1/2026-8/esp,2026-08-27,8e1044f78d29b613,Producto bruto interno — índice 2007 = 100
Mar.2021,164.834993571958,PN01770AM,https://estadisticas.bcrp.gob.pe/estadisticas/series/api/PN01770AM/json/2020-1/2026-8/esp,2026-08-27,8e1044f78d29b613,Producto bruto interno — índice 2007 = 100
Abr.2021,164.492286036925,PN01770AM,https://estadisticas.bcrp.gob.pe/estadisticas/series/api/PN01770AM/json/2020-1/2026-8/esp,2026-08-27,8e1044f78d29b613,Producto bruto interno — índice 2007 = 100
May.2021,175.343695357749,PN01770AM,https://estadisticas.bcrp.gob.pe/estadisticas/series/api/PN01770AM/json/2020-1/2026-8/esp,2026-08-27,8e1044f78d29b613,Producto bruto interno — índice 2007 = 100
Jun.2021,172.012929904623,PN01770AM,https://estadisticas.bcrp.gob.pe/estadisticas/series/api/PN01770AM/json/2020-1/2026-8/esp,2026-08-27,8e1044f78d29b613,Producto bruto interno — índice 2007 = 100
Jul.2021,174.499180150954,PN01770AM,https://estadisticas.bcrp.gob.pe/estadisticas/series/api/PN01770AM/json/2020-1/2026-8/esp,2026-08-27,8e1044f78d29b613,Producto bruto interno — índice 2007 = 100
Ago.2021,175.606368609873,PN01770AM,https://estadisticas.bcrp.gob.pe/estadisticas/series/api/PN01770AM/json/2020-1/2026-8/esp,2026-08-27,8e1044f78d29b613,Producto bruto interno — índice 2007 = 100
Sep.2021,178.522991745203,PN01770AM,https://estadisticas.bcrp.gob.pe/estadisticas/series/api/PN01770AM/json/2020-1/2026-8/esp,2026-08-27,8e1044f78d29b613,Producto bruto interno — índice 2007 = 100
Oct.2021,178.646823045847,PN01770AM,https://estadisticas.bcrp.gob.pe/estadisticas/series/api/PN01770AM/json/2020-1/2026-8/esp,2026-08-27,8e1044f78d29b613,Producto bruto interno — índice 2007 = 100
Nov.2021,176.923593572592,PN01770AM,https://estadisticas.bcrp.gob.pe/estadisticas/series/api/PN01770AM/json/2020-1/2026-8/esp,2026-08-27,8e1044f78d29b613,Producto bruto interno — índice 2007 = 100
Dic.2021,195.423679290646,PN01770AM,https://estadisticas.bcrp.gob.pe/estadisticas/series/api/PN01770AM/json/2020-1/2026-8/esp,2026-08-27,8e1044f78d29b613,Producto bruto interno — índice 2007 = 100
Ene.2022,165.705479352297,PN01770AM,https://estadisticas.bcrp.gob.pe/estadisticas/series/api/PN01770AM/json/2020-1/2026-8/esp,2026-08-27,8e1044f78d29b613,Producto bruto interno — índice 2007 = 100
Feb.2022,163.05925121915,PN01770AM,https://estadisticas.bcrp.gob.pe/estadisticas/series/api/PN01770AM/json/2020-1/2026-8/esp,2026-08-27,8e1044f78d29b613,Producto bruto interno — índice 2007 = 100
Mar.2022,171.273598108185,PN01770AM,https://estadisticas.bcrp.gob.pe/estadisticas/series/api/PN01770AM/json/2020-1/2026-8/esp,2026-08-27,8e1044f78d29b613,Producto bruto interno — índice 2007 = 100
Abr.2022,171.169961181518,PN01770AM,https://estadisticas.bcrp.gob.pe/estadisticas/series/api/PN01770AM/json/2020-1/2026-8/esp,2026-08-27,8e1044f78d29b613,Producto bruto interno — índice 2007 = 100
May.2022,179.824800668156,PN01770AM,https://estadisticas.bcrp.gob.pe/estadisticas/series/api/PN01770AM/json/2020-1/2026-8/esp,2026-08-27,8e1044f78d29b613,Producto bruto interno — índice 2007 = 100
Jun.2022,178.434872205517,PN01770AM,https://estadisticas.bcrp.gob.pe/estadisticas/series/api/PN01770AM/json/2020-1/2026-8/esp,2026-08-27,8e1044f78d29b613,Producto bruto interno — índice 2007 = 100
Jul.2022,177.987942182027,PN01770AM,https://estadisticas.bcrp.gob.pe/estadisticas/series/api/PN01770AM/json/2020-1/2026-8/esp,2026-08-27,8e1044f78d29b613,Producto bruto interno — índice 2007 = 100
Ago.2022,179.134712364663,PN01770AM,https://estadisticas.bcrp.gob.pe/estadisticas/series/api/PN01770AM/json/2020-1/2026-8/esp,2026-08-27,8e1044f78d29b613,Producto bruto interno — índice 2007 = 100
Sep.2022,182.374711989312,PN01770AM,https://estadisticas.bcrp.gob.pe/estadisticas/series/api/PN01770AM/json/2020-1/2026-8/esp,2026-08-27,8e1044f78d29b613,Producto bruto interno — índice 2007 = 100
Oct.2022,183.291728001538,PN01770AM,https://estadisticas.bcrp.gob.pe/estadisticas/series/api/PN01770AM/json/2020-1/2026-8/esp,2026-08-27,8e1044f78d29b613,Producto bruto interno — índice 2007 = 100
Nov.2022,180.809032415482,PN01770AM,https://estadisticas.bcrp.gob.pe/estadisticas/series/api/PN01770AM/json/2020-1/2026-8/esp,2026-08-27,8e1044f78d29b613,Producto bruto interno — índice 2007 = 100
Dic.2022,197.935840561143,PN01770AM,https://estadisticas.bcrp.gob.pe/estadisticas/series/api/PN01770AM/json/2020-1/2026-8/esp,2026-08-27,8e1044f78d29b613,Producto bruto interno — índice 2007 = 100
Ene.2023,164.747248759875,PN01770AM,https://estadisticas.bcrp.gob.pe/estadisticas/series/api/PN01770AM/json/2020-1/2026-8/esp,2026-08-27,8e1044f78d29b613,Producto bruto interno — índice 2007 = 100
Feb.2023,162.489203079216,PN01770AM,https://estadisticas.bcrp.gob.pe/estadisticas/series/api/PN01770AM/json/2020-1/2026-8/esp,2026-08-27,8e1044f78d29b613,Producto bruto interno — índice 2007 = 100
Mar.2023,172.699133230943,PN01770AM,https://estadisticas.bcrp.gob.pe/estadisticas/series/api/PN01770AM/json/2020-1/2026-8/esp,2026-08-27,8e1044f78d29b613,Producto bruto interno — índice 2007 = 100
Abr.2023,172.353130034136,PN01770AM,https://estadisticas.bcrp.gob.pe/estadisticas/series/api/PN01770AM/json/2020-1/2026-8/esp,2026-08-27,8e1044f78d29b613,Producto bruto interno — índice 2007 = 100
May.2023,177.719176835292,PN01770AM,https://estadisticas.bcrp.gob.pe/estadisticas/series/api/PN01770AM/json/2020-1/2026-8/esp,2026-08-27,8e1044f78d29b613,Producto bruto interno — índice 2007 = 100
Jun.2023,177.192993277921,PN01770AM,https://estadisticas.bcrp.gob.pe/estadisticas/series/api/PN01770AM/json/2020-1/2026-8/esp,2026-08-27,8e1044f78d29b613,Producto bruto interno — índice 2007 = 100
Jul.2023,176.179873816439,PN01770AM,https://estadisticas.bcrp.gob.pe/estadisticas/series/api/PN01770AM/json/2020-1/2026-8/esp,2026-08-27,8e1044f78d29b613,Producto bruto interno — índice 2007 = 100
Ago.2023,179.244835514059,PN01770AM,https://estadisticas.bcrp.gob.pe/estadisticas/series/api/PN01770AM/json/2020-1/2026-8/esp,2026-08-27,8e1044f78d29b613,Producto bruto interno — índice 2007 = 100
Sep.2023,180.721017976619,PN01770AM,https://estadisticas.bcrp.gob.pe/estadisticas/series/api/PN01770AM/json/2020-1/2026-8/esp,2026-08-27,8e1044f78d29b613,Producto bruto interno — índice 2007 = 100
Oct.2023,182.041114444157,PN01770AM,https://estadisticas.bcrp.gob.pe/estadisticas/series/api/PN01770AM/json/2020-1/2026-8/esp,2026-08-27,8e1044f78d29b613,Producto bruto interno — índice 2007 = 100
Nov.2023,182.076781161936,PN01770AM,https://estadisticas.bcrp.gob.pe/estadisticas/series/api/PN01770AM/json/2020-1/2026-8/esp,2026-08-27,8e1044f78d29b613,Producto bruto interno — índice 2007 = 100
Dic.2023,196.064002329094,PN01770AM,https://estadisticas.bcrp.gob.pe/estadisticas/series/api/PN01770AM/json/2020-1/2026-8/esp,2026-08-27,8e1044f78d29b613,Producto bruto interno — índice 2007 = 100
Ene.2024,167.763729071427,PN01770AM,https://estadisticas.bcrp.gob.pe/estadisticas/series/api/PN01770AM/json/2020-1/2026-8/esp,2026-08-27,8e1044f78d29b613,Producto bruto interno — índice 2007 = 100
Feb.2024,167.627777899434,PN01770AM,https://estadisticas.bcrp.gob.pe/estadisticas/series/api/PN01770AM/json/2020-1/2026-8/esp,2026-08-27,8e1044f78d29b613,Producto bruto interno — índice 2007 = 100
Mar.2024,171.991601943114,PN01770AM,https://estadisticas.bcrp.gob.pe/estadisticas/series/api/PN01770AM/json/2020-1/2026-8/esp,2026-08-27,8e1044f78d29b613,Producto bruto interno — índice 2007 = 100
Abr.2024,181.884033744884,PN01770AM,https://estadisticas.bcrp.gob.pe/estadisticas/series/api/PN01770AM/json/2020-1/2026-8/esp,2026-08-27,8e1044f78d29b613,Producto bruto interno — índice 2007 = 100
May.2024,187.861455834207,PN01770AM,https://estadisticas.bcrp.gob.pe/estadisticas/series/api/PN01770AM/json/2020-1/2026-8/esp,2026-08-27,8e1044f78d29b613,Producto bruto interno — índice 2007 = 100
Jun.2024,177.84964450269,PN01770AM,https://estadisticas.bcrp.gob.pe/estadisticas/series/api/PN01770AM/json/2020-1/2026-8/esp,2026-08-27,8e1044f78d29b613,Producto bruto interno — índice 2007 = 100
Jul.2024,184.739893585405,PN01770AM,https://estadisticas.bcrp.gob.pe/estadisticas/series/api/PN01770AM/json/2020-1/2026-8/esp,2026-08-27,8e1044f78d29b613,Producto bruto interno — índice 2007 = 100
Ago.2024,186.36135917895,PN01770AM,https://estadisticas.bcrp.gob.pe/estadisticas/series/api/PN01770AM/json/2020-1/2026-8/esp,2026-08-27,8e1044f78d29b613,Producto bruto interno — índice 2007 = 100
Sep.2024,187.029143584624,PN01770AM,https://estadisticas.bcrp.gob.pe/estadisticas/series/api/PN01770AM/json/2020-1/2026-8/esp,2026-08-27,8e1044f78d29b613,Producto bruto interno — índice 2007 = 100
Oct.2024,189.015297801315,PN01770AM,https://estadisticas.bcrp.gob.pe/estadisticas/series/api/PN01770AM/json/2020-1/2026-8/esp,2026-08-27,8e1044f78d29b613,Producto bruto interno — índice 2007 = 100
Nov.2024,190.055398147607,PN01770AM,https://estadisticas.bcrp.gob.pe/estadisticas/series/api/PN01770AM/json/2020-1/2026-8/esp,2026-08-27,8e1044f78d29b613,Producto bruto interno — índice 2007 = 100
Dic.2024,205.997040254343,PN01770AM,https://estadisticas.bcrp.gob.pe/estadisticas/series/api/PN01770AM/json/2020-1/2026-8/esp,2026-08-27,8e1044f78d29b613,Producto bruto interno — índice 2007 = 100
Ene.2025,175.149836073771,PN01770AM,https://estadisticas.bcrp.gob.pe/estadisticas/series/api/PN01770AM/json/2020-1/2026-8/esp,2026-08-27,8e1044f78d29b613,Producto bruto interno — índice 2007 = 100
Feb.2025,172.37391304698,PN01770AM,https://estadisticas.bcrp.gob.pe/estadisticas/series/api/PN01770AM/json/2020-1/2026-8/esp,2026-08-27,8e1044f78d29b613,Producto bruto interno — índice 2007 = 100
Mar.2025,180.203241529788,PN01770AM,https://estadisticas.bcrp.gob.pe/estadisticas/series/api/PN01770AM/json/2020-1/2026-8/esp,2026-08-27,8e1044f78d29b613,Producto bruto interno — índice 2007 = 100
Abr.2025,184.247932889231,PN01770AM,https://estadisticas.bcrp.gob.pe/estadisticas/series/api/PN01770AM/json/2020-1/2026-8/esp,2026-08-27,8e1044f78d29b613,Producto bruto interno — índice 2007 = 100
May.2025,191.660772020334,PN01770AM,https://estadisticas.bcrp.gob.pe/estadisticas/series/api/PN01770AM/json/2020-1/2026-8/esp,2026-08-27,8e1044f78d29b613,Producto bruto interno — índice 2007 = 100
Jun.2025,186.635508640391,PN01770AM,https://estadisticas.bcrp.gob.pe/estadisticas/series/api/PN01770AM/json/2020-1/2026-8/esp,2026-08-27,8e1044f78d29b613,Producto bruto interno — índice 2007 = 100
Jul.2025,191.299345383626,PN01770AM,https://estadisticas.bcrp.gob.pe/estadisticas/series/api/PN01770AM/json/2020-1/2026-8/esp,2026-08-27,8e1044f78d29b613,Producto bruto interno — índice 2007 = 100
Ago.2025,192.259688760132,PN01770AM,https://estadisticas.bcrp.gob.pe/estadisticas/series/api/PN01770AM/json/2020-1/2026-8/esp,2026-08-27,8e1044f78d29b613,Producto bruto interno — índice 2007 = 100
Sep.2025,195.244586662391,PN01770AM,https://estadisticas.bcrp.gob.pe/estadisticas/series/api/PN01770AM/json/2020-1/2026-8/esp,2026-08-27,8e1044f78d29b613,Producto bruto interno — índice 2007 = 100
Oct.2025,196.909184390464,PN01770AM,https://estadisticas.bcrp.gob.pe/estadisticas/series/api/PN01770AM/json/2020-1/2026-8/esp,2026-08-27,8e1044f78d29b613,Producto bruto interno — índice 2007 = 100
Nov.2025,193.075763031832,PN01770AM,https://estadisticas.bcrp.gob.pe/estadisticas/series/api/PN01770AM/json/2020-1/2026-8/esp,2026-08-27,8e1044f78d29b613,Producto bruto interno — índice 2007 = 100
Dic.2025,214.526622670965,PN01770AM,https://estadisticas.bcrp.gob.pe/estadisticas/series/api/PN01770AM/json/2020-1/2026-8/esp,2026-08-27,8e1044f78d29b613,Producto bruto interno — índice 2007 = 100
Ene.2026,181.727823593049,PN01770AM,https://estadisticas.bcrp.gob.pe/estadisticas/series/api/PN01770AM/json/2020-1/2026-8/esp,2026-08-27,8e1044f78d29b613,Producto bruto interno — índice 2007 = 100
Feb.2026,178.717924011079,PN01770AM,https://estadisticas.bcrp.gob.pe/estadisticas/series/api/PN01770AM/json/2020-1/2026-8/esp,2026-08-27,8e1044f78d29b613,Producto bruto interno — índice 2007 = 100
Mar.2026,186.092156982542,PN01770AM,https://estadisticas.bcrp.gob.pe/estadisticas/series/api/PN01770AM/json/2020-1/2026-8/esp,2026-08-27,8e1044f78d29b613,Producto bruto interno — índice 2007 = 100
Abr.2026,191.263933498313,PN01770AM,https://estadisticas.bcrp.gob.pe/estadisticas/series/api/PN01770AM/json/2020-1/2026-8/esp,2026-08-27,8e1044f78d29b613,Producto bruto interno — índice 2007 = 100
May.2026,195.817894165455,PN01770AM,https://estadisticas.bcrp.gob.pe/estadisticas/series/api/PN01770AM/json/2020-1/2026-8/esp,2026-08-27,8e1044f78d29b613,Producto bruto interno — índice 2007 = 100
Jun.2026,189.904151223157,PN01770AM,https://estadisticas.bcrp.gob.pe/estadisticas/series/api/PN01770AM/json/2020-1/2026-8/esp,2026-08-27,8e1044f78d29b613,Producto bruto interno — índice 2007 = 100
Ene.2021,-0.9973413200216275,PN01770AM/var12,https://estadisticas.bcrp.gob.pe/estadisticas/series/api/PN01770AM/json/2020-1/2026-8/esp,2026-08-27,8e1044f78d29b613,Producto bruto interno — variación % interanual (cálculo propio)
Feb.2021,-3.8213261074683924,PN01770AM/var12,https://estadisticas.bcrp.gob.pe/estadisticas/series/api/PN01770AM/json/2020-1/2026-8/esp,2026-08-27,8e1044f78d29b613,Producto bruto interno — variación % interanual (cálculo propio)
Mar.2021,19.868213780831635,PN01770AM/var12,https://estadisticas.bcrp.gob.pe/estadisticas/series/api/PN01770AM/json/2020-1/2026-8/esp,2026-08-27,8e1044f78d29b613,Producto bruto interno — variación % interanual (cálculo propio)
Abr.2021,59.89476232915638,PN01770AM/var12,https://estadisticas.bcrp.gob.pe/estadisticas/series/api/PN01770AM/json/2020-1/2026-8/esp,2026-08-27,8e1044f78d29b613,Producto bruto interno — variación % interanual (cálculo propio)
May.2021,48.59932211153839,PN01770AM/var12,https://estadisticas.bcrp.gob.pe/estadisticas/series/api/PN01770AM/json/2020-1/2026-8/esp,2026-08-27,8e1044f78d29b613,Producto bruto interno — variación % interanual (cálculo propio)
Jun.2021,23.411093323946417,PN01770AM/var12,https://estadisticas.bcrp.gob.pe/estadisticas/series/api/PN01770AM/json/2020-1/2026-8/esp,2026-08-27,8e1044f78d29b613,Producto bruto interno — variación % interanual (cálculo propio)
Jul.2021,13.317282977108169,PN01770AM/var12,https://estadisticas.bcrp.gob.pe/estadisticas/series/api/PN01770AM/json/2020-1/2026-8/esp,2026-08-27,8e1044f78d29b613,Producto bruto interno — variación % interanual (cálculo propio)
Ago.2021,12.011599602955215,PN01770AM/var12,https://estadisticas.bcrp.gob.pe/estadisticas/series/api/PN01770AM/json/2020-1/2026-8/esp,2026-08-27,8e1044f78d29b613,Producto bruto interno — variación % interanual (cálculo propio)
Sep.2021,10.03104691749348,PN01770AM/var12,https://estadisticas.bcrp.gob.pe/estadisticas/series/api/PN01770AM/json/2020-1/2026-8/esp,2026-08-27,8e1044f78d29b613,Producto bruto interno — variación % interanual (cálculo propio)
Oct.2021,4.769412278265661,PN01770AM/var12,https://estadisticas.bcrp.gob.pe/estadisticas/series/api/PN01770AM/json/2020-1/2026-8/esp,2026-08-27,8e1044f78d29b613,Producto bruto interno — variación % interanual (cálculo propio)
Nov.2021,3.759394523872839,PN01770AM/var12,https://estadisticas.bcrp.gob.pe/estadisticas/series/api/PN01770AM/json/2020-1/2026-8/esp,2026-08-27,8e1044f78d29b613,Producto bruto interno — variación % interanual (cálculo propio)
Dic.2021,2.0385789534359544,PN01770AM/var12,https://estadisticas.bcrp.gob.pe/estadisticas/series/api/PN01770AM/json/2020-1/2026-8/esp,2026-08-27,8e1044f78d29b613,Producto bruto interno — variación % interanual (cálculo propio)
Ene.2022,3.072338208943215,PN01770AM/var12,https://estadisticas.bcrp.gob.pe/estadisticas/series/api/PN01770AM/json/2020-1/2026-8/esp,2026-08-27,8e1044f78d29b613,Producto bruto interno — variación % interanual (cálculo propio)
Feb.2022,4.8481714181969116,PN01770AM/var12,https://estadisticas.bcrp.gob.pe/estadisticas/series/api/PN01770AM/json/2020-1/2026-8/esp,2026-08-27,8e1044f78d29b613,Producto bruto interno — variación % interanual (cálculo propio)
Mar.2022,3.9060908103935255,PN01770AM/var12,https://estadisticas.bcrp.gob.pe/estadisticas/series/api/PN01770AM/json/2020-1/2026-8/esp,2026-08-27,8e1044f78d29b613,Producto bruto interno — variación % interanual (cálculo propio)
Abr.2022,4.059567354480076,PN01770AM/var12,https://estadisticas.bcrp.gob.pe/estadisticas/series/api/PN01770AM/json/2020-1/2026-8/esp,2026-08-27,8e1044f78d29b613,Producto bruto interno — variación % interanual (cálculo propio)
May.2022,2.555612450886424,PN01770AM/var12,https://estadisticas.bcrp.gob.pe/estadisticas/series/api/PN01770AM/json/2020-1/2026-8/esp,2026-08-27,8e1044f78d29b613,Producto bruto interno — variación % interanual (cálculo propio)
Jun.2022,3.733406729630606,PN01770AM/var12,https://estadisticas.bcrp.gob.pe/estadisticas/series/api/PN01770AM/json/2020-1/2026-8/esp,2026-08-27,8e1044f78d29b613,Producto bruto interno — variación % interanual (cálculo propio)
Jul.2022,1.9992999554811597,PN01770AM/var12,https://estadisticas.bcrp.gob.pe/estadisticas/series/api/PN01770AM/json/2020-1/2026-8/esp,2026-08-27,8e1044f78d29b613,Producto bruto interno — variación % interanual (cálculo propio)
Ago.2022,2.0092345071086593,PN01770AM/var12,https://estadisticas.bcrp.gob.pe/estadisticas/series/api/PN01770AM/json/2020-1/2026-8/esp,2026-08-27,8e1044f78d29b613,Producto bruto interno — variación % interanual (cálculo propio)
Sep.2022,2.1575485636081915,PN01770AM/var12,https://estadisticas.bcrp.gob.pe/estadisticas/series/api/PN01770AM/json/2020-1/2026-8/esp,2026-08-27,8e1044f78d29b613,Producto bruto interno — variación % interanual (cálculo propio)
Oct.2022,2.60004901094657,PN01770AM/var12,https://estadisticas.bcrp.gob.pe/estadisticas/series/api/PN01770AM/json/2020-1/2026-8/esp,2026-08-27,8e1044f78d29b613,Producto bruto interno — variación % interanual (cálculo propio)
Nov.2022,2.196111193782513,PN01770AM/var12,https://estadisticas.bcrp.gob.pe/estadisticas/series/api/PN01770AM/json/2020-1/2026-8/esp,2026-08-27,8e1044f78d29b613,Producto bruto interno — variación % interanual (cálculo propio)
Dic.2022,1.2854948180362369,PN01770AM/var12,https://estadisticas.bcrp.gob.pe/estadisticas/series/api/PN01770AM/json/2020-1/2026-8/esp,2026-08-27,8e1044f78d29b613,Producto bruto interno — variación % interanual (cálculo propio)
Ene.2023,-0.5782733293838604,PN01770AM/var12,https://estadisticas.bcrp.gob.pe/estadisticas/series/api/PN01770AM/json/2020-1/2026-8/esp,2026-08-27,8e1044f78d29b613,Producto bruto interno — variación % interanual (cálculo propio)
Feb.2023,-0.3495957056541821,PN01770AM/var12,https://estadisticas.bcrp.gob.pe/estadisticas/series/api/PN01770AM/json/2020-1/2026-8/esp,2026-08-27,8e1044f78d29b613,Producto bruto interno — variación % interanual (cálculo propio)
Mar.2023,0.8323145765044115,PN01770AM/var12,https://estadisticas.bcrp.gob.pe/estadisticas/series/api/PN01770AM/json/2020-1/2026-8/esp,2026-08-27,8e1044f78d29b613,Producto bruto interno — variación % interanual (cálculo propio)
Abr.2023,0.6912245842968234,PN01770AM/var12,https://estadisticas.bcrp.gob.pe/estadisticas/series/api/PN01770AM/json/2020-1/2026-8/esp,2026-08-27,8e1044f78d29b613,Producto bruto interno — variación % interanual (cálculo propio)
May.2023,-1.1709307198119356,PN01770AM/var12,https://estadisticas.bcrp.gob.pe/estadisticas/series/api/PN01770AM/json/2020-1/2026-8/esp,2026-08-27,8e1044f78d29b613,Producto bruto interno — variación % interanual (cálculo propio)
Jun.2023,-0.6959844296386297,PN01770AM/var12,https://estadisticas.bcrp.gob.pe/estadisticas/series/api/PN01770AM/json/2020-1/2026-8/esp,2026-08-27,8e1044f78d29b613,Producto bruto interno — variación % interanual (cálculo propio)
Jul.2023,-1.0158375581076795,PN01770AM/var12,https://estadisticas.bcrp.gob.pe/estadisticas/series/api/PN01770AM/json/2020-1/2026-8/esp,2026-08-27,8e1044f78d29b613,Producto bruto interno — variación % interanual (cálculo propio)
Ago.2023,0.06147504743347909,PN01770AM/var12,https://estadisticas.bcrp.gob.pe/estadisticas/series/api/PN01770AM/json/2020-1/2026-8/esp,2026-08-27,8e1044f78d29b613,Producto bruto interno — variación % interanual (cálculo propio)
Sep.2023,-0.906756202466219,PN01770AM/var12,https://estadisticas.bcrp.gob.pe/estadisticas/series/api/PN01770AM/json/2020-1/2026-8/esp,2026-08-27,8e1044f78d29b613,Producto bruto interno — variación % interanual (cálculo propio)
Oct.2023,-0.6823076911416925,PN01770AM/var12,https://estadisticas.bcrp.gob.pe/estadisticas/series/api/PN01770AM/json/2020-1/2026-8/esp,2026-08-27,8e1044f78d29b613,Producto bruto interno — variación % interanual (cálculo propio)
Nov.2023,0.701153437700408,PN01770AM/var12,https://estadisticas.bcrp.gob.pe/estadisticas/series/api/PN01770AM/json/2020-1/2026-8/esp,2026-08-27,8e1044f78d29b613,Producto bruto interno — variación % interanual (cálculo propio)
Dic.2023,-0.9456792800850988,PN01770AM/var12,https://estadisticas.bcrp.gob.pe/estadisticas/series/api/PN01770AM/json/2020-1/2026-8/esp,2026-08-27,8e1044f78d29b613,Producto bruto interno — variación % interanual (cálculo propio)
Ene.2024,1.8309746197635368,PN01770AM/var12,https://estadisticas.bcrp.gob.pe/estadisticas/series/api/PN01770AM/json/2020-1/2026-8/esp,2026-08-27,8e1044f78d29b613,Producto bruto interno — variación % interanual (cálculo propio)
Feb.2024,3.162410008074734,PN01770AM/var12,https://estadisticas.bcrp.gob.pe/estadisticas/series/api/PN01770AM/json/2020-1/2026-8/esp,2026-08-27,8e1044f78d29b613,Producto bruto interno — variación % interanual (cálculo propio)
Mar.2024,-0.40969012095900537,PN01770AM/var12,https://estadisticas.bcrp.gob.pe/estadisticas/series/api/PN01770AM/json/2020-1/2026-8/esp,2026-08-27,8e1044f78d29b613,Producto bruto interno — variación % interanual (cálculo propio)
Abr.2024,5.529869813713462,PN01770AM/var12,https://estadisticas.bcrp.gob.pe/estadisticas/series/api/PN01770AM/json/2020-1/2026-8/esp,2026-08-27,8e1044f78d29b613,Producto bruto interno — variación % interanual (cálculo propio)
May.2024,5.706913108378142,PN01770AM/var12,https://estadisticas.bcrp.gob.pe/estadisticas/series/api/PN01770AM/json/2020-1/2026-8/esp,2026-08-27,8e1044f78d29b613,Producto bruto interno — variación % interanual (cálculo propio)
Jun.2024,0.37058532203870787,PN01770AM/var12,https://estadisticas.bcrp.gob.pe/estadisticas/series/api/PN01770AM/json/2020-1/2026-8/esp,2026-08-27,8e1044f78d29b613,Producto bruto interno — variación % interanual (cálculo propio)
Jul.2024,4.8586819728822395,PN01770AM/var12,https://estadisticas.bcrp.gob.pe/estadisticas/series/api/PN01770AM/json/2020-1/2026-8/esp,2026-08-27,8e1044f78d29b613,Producto bruto interno — variación % interanual (cálculo propio)
Ago.2024,3.970281009481491,PN01770AM/var12,https://estadisticas.bcrp.gob.pe/estadisticas/series/api/PN01770AM/json/2020-1/2026-8/esp,2026-08-27,8e1044f78d29b613,Producto bruto interno — variación % interanual (cálculo propio)
Sep.2024,3.4905323567959945,PN01770AM/var12,https://estadisticas.bcrp.gob.pe/estadisticas/series/api/PN01770AM/json/2020-1/2026-8/esp,2026-08-27,8e1044f78d29b613,Producto bruto interno — variación % interanual (cálculo propio)
Oct.2024,3.831103417737758,PN01770AM/var12,https://estadisticas.bcrp.gob.pe/estadisticas/series/api/PN01770AM/json/2020-1/2026-8/esp,2026-08-27,8e1044f78d29b613,Producto bruto interno — variación % interanual (cálculo propio)
Nov.2024,4.382006829621488,PN01770AM/var12,https://estadisticas.bcrp.gob.pe/estadisticas/series/api/PN01770AM/json/2020-1/2026-8/esp,2026-08-27,8e1044f78d29b613,Producto bruto interno — variación % interanual (cálculo propio)
Dic.2024,5.066222155649136,PN01770AM/var12,https://estadisticas.bcrp.gob.pe/estadisticas/series/api/PN01770AM/json/2020-1/2026-8/esp,2026-08-27,8e1044f78d29b613,Producto bruto interno — variación % interanual (cálculo propio)
Ene.2025,4.402684086259967,PN01770AM/var12,https://estadisticas.bcrp.gob.pe/estadisticas/series/api/PN01770AM/json/2020-1/2026-8/esp,2026-08-27,8e1044f78d29b613,Producto bruto interno — variación % interanual (cálculo propio)
Feb.2025,2.8313536139537465,PN01770AM/var12,https://estadisticas.bcrp.gob.pe/estadisticas/series/api/PN01770AM/json/2020-1/2026-8/esp,2026-08-27,8e1044f78d29b613,Producto bruto interno — variación % interanual (cálculo propio)
Mar.2025,4.774442178514016,PN01770AM/var12,https://estadisticas.bcrp.gob.pe/estadisticas/series/api/PN01770AM/json/2020-1/2026-8/esp,2026-08-27,8e1044f78d29b613,Producto bruto interno — variación % interanual (cálculo propio)
Abr.2025,1.2996738062576174,PN01770AM/var12,https://estadisticas.bcrp.gob.pe/estadisticas/series/api/PN01770AM/json/2020-1/2026-8/esp,2026-08-27,8e1044f78d29b613,Producto bruto interno — variación % interanual (cálculo propio)
May.2025,2.0224032488495247,PN01770AM/var12,https://estadisticas.bcrp.gob.pe/estadisticas/series/api/PN01770AM/json/2020-1/2026-8/esp,2026-08-27,8e1044f78d29b613,Producto bruto interno — variación % interanual (cálculo propio)
Jun.2025,4.940051559995173,PN01770AM/var12,https://estadisticas.bcrp.gob.pe/estadisticas/series/api/PN01770AM/json/2020-1/2026-8/esp,2026-08-27,8e1044f78d29b613,Producto bruto interno — variación % interanual (cálculo propio)
Jul.2025,3.5506417541528723,PN01770AM/var12,https://estadisticas.bcrp.gob.pe/estadisticas/series/api/PN01770AM/json/2020-1/2026-8/esp,2026-08-27,8e1044f78d29b613,Producto bruto interno — variación % interanual (cálculo propio)
Ago.2025,3.1649960094561447,PN01770AM/var12,https://estadisticas.bcrp.gob.pe/estadisticas/series/api/PN01770AM/json/2020-1/2026-8/esp,2026-08-27,8e1044f78d29b613,Producto bruto interno — variación % interanual (cálculo propio)
Sep.2025,4.392600490120824,PN01770AM/var12,https://estadisticas.bcrp.gob.pe/estadisticas/series/api/PN01770AM/json/2020-1/2026-8/esp,2026-08-27,8e1044f78d29b613,Producto bruto interno — variación % interanual (cálculo propio)
Oct.2025,4.176321536390515,PN01770AM/var12,https://estadisticas.bcrp.gob.pe/estadisticas/series/api/PN01770AM/json/2020-1/2026-8/esp,2026-08-27,8e1044f78d29b613,Producto bruto interno — variación % interanual (cálculo propio)
Nov.2025,1.5892023660802446,PN01770AM/var12,https://estadisticas.bcrp.gob.pe/estadisticas/series/api/PN01770AM/json/2020-1/2026-8/esp,2026-08-27,8e1044f78d29b613,Producto bruto interno — variación % interanual (cálculo propio)
Dic.2025,4.140633480020184,PN01770AM/var12,https://estadisticas.bcrp.gob.pe/estadisticas/series/api/PN01770AM/json/2020-1/2026-8/esp,2026-08-27,8e1044f78d29b613,Producto bruto interno — variación % interanual (cálculo propio)
Ene.2026,3.755634413786968,PN01770AM/var12,https://estadisticas.bcrp.gob.pe/estadisticas/series/api/PN01770AM/json/2020-1/2026-8/esp,2026-08-27,8e1044f78d29b613,Producto bruto interno — variación % interanual (cálculo propio)
Feb.2026,3.6803776464539473,PN01770AM/var12,https://estadisticas.bcrp.gob.pe/estadisticas/series/api/PN01770AM/json/2020-1/2026-8/esp,2026-08-27,8e1044f78d29b613,Producto bruto interno — variación % interanual (cálculo propio)
Mar.2026,3.267929812339454,PN01770AM/var12,https://estadisticas.bcrp.gob.pe/estadisticas/series/api/PN01770AM/json/2020-1/2026-8/esp,2026-08-27,8e1044f78d29b613,Producto bruto interno — variación % interanual (cálculo propio)
Abr.2026,3.8079127939524726,PN01770AM/var12,https://estadisticas.bcrp.gob.pe/estadisticas/series/api/PN01770AM/json/2020-1/2026-8/esp,2026-08-27,8e1044f78d29b613,Producto bruto interno — variación % interanual (cálculo propio)
May.2026,2.1689999999999765,PN01770AM/var12,https://estadisticas.bcrp.gob.pe/estadisticas/series/api/PN01770AM/json/2020-1/2026-8/esp,2026-08-27,8e1044f78d29b613,Producto bruto interno — variación % interanual (cálculo propio)
Jun.2026,1.7513508584606985,PN01770AM/var12,https://estadisticas.bcrp.gob.pe/estadisticas/series/api/PN01770AM/json/2020-1/2026-8/esp,2026-08-27,8e1044f78d29b613,Producto bruto interno — variación % interanual (cálculo propio)
