pais,año,valor,indicador,codigo,url_origen,fecha_descarga
Brazil,2024,84.46347227,Personas que usan internet (% de la población),IT.NET.USER.ZS,https://api.worldbank.org/v2/country/PER;CHL;COL;MEX;BRA/indicator/IT.NET.USER.ZS?format=json&date=2016:2026&per_page=500,2026-08-27
Brazil,2023,84.15060238,Personas que usan internet (% de la población),IT.NET.USER.ZS,https://api.worldbank.org/v2/country/PER;CHL;COL;MEX;BRA/indicator/IT.NET.USER.ZS?format=json&date=2016:2026&per_page=500,2026-08-27
Brazil,2022,80.52775094,Personas que usan internet (% de la población),IT.NET.USER.ZS,https://api.worldbank.org/v2/country/PER;CHL;COL;MEX;BRA/indicator/IT.NET.USER.ZS?format=json&date=2016:2026&per_page=500,2026-08-27
Brazil,2021,80.68989314,Personas que usan internet (% de la población),IT.NET.USER.ZS,https://api.worldbank.org/v2/country/PER;CHL;COL;MEX;BRA/indicator/IT.NET.USER.ZS?format=json&date=2016:2026&per_page=500,2026-08-27
Brazil,2020,81.34269353,Personas que usan internet (% de la población),IT.NET.USER.ZS,https://api.worldbank.org/v2/country/PER;CHL;COL;MEX;BRA/indicator/IT.NET.USER.ZS?format=json&date=2016:2026&per_page=500,2026-08-27
Brazil,2019,73.9124399133589,Personas que usan internet (% de la población),IT.NET.USER.ZS,https://api.worldbank.org/v2/country/PER;CHL;COL;MEX;BRA/indicator/IT.NET.USER.ZS?format=json&date=2016:2026&per_page=500,2026-08-27
Brazil,2018,70.4342825404361,Personas que usan internet (% de la población),IT.NET.USER.ZS,https://api.worldbank.org/v2/country/PER;CHL;COL;MEX;BRA/indicator/IT.NET.USER.ZS?format=json&date=2016:2026&per_page=500,2026-08-27
Brazil,2017,67.4712845236305,Personas que usan internet (% de la población),IT.NET.USER.ZS,https://api.worldbank.org/v2/country/PER;CHL;COL;MEX;BRA/indicator/IT.NET.USER.ZS?format=json&date=2016:2026&per_page=500,2026-08-27
Brazil,2016,60.8725400681261,Personas que usan internet (% de la población),IT.NET.USER.ZS,https://api.worldbank.org/v2/country/PER;CHL;COL;MEX;BRA/indicator/IT.NET.USER.ZS?format=json&date=2016:2026&per_page=500,2026-08-27
Chile,2024,95.590243,Personas que usan internet (% de la población),IT.NET.USER.ZS,https://api.worldbank.org/v2/country/PER;CHL;COL;MEX;BRA/indicator/IT.NET.USER.ZS?format=json&date=2016:2026&per_page=500,2026-08-27
Chile,2023,94.45742345,Personas que usan internet (% de la población),IT.NET.USER.ZS,https://api.worldbank.org/v2/country/PER;CHL;COL;MEX;BRA/indicator/IT.NET.USER.ZS?format=json&date=2016:2026&per_page=500,2026-08-27
Chile,2022,92.31819916,Personas que usan internet (% de la población),IT.NET.USER.ZS,https://api.worldbank.org/v2/country/PER;CHL;COL;MEX;BRA/indicator/IT.NET.USER.ZS?format=json&date=2016:2026&per_page=500,2026-08-27
Chile,2021,90.23280334,Personas que usan internet (% de la población),IT.NET.USER.ZS,https://api.worldbank.org/v2/country/PER;CHL;COL;MEX;BRA/indicator/IT.NET.USER.ZS?format=json&date=2016:2026&per_page=500,2026-08-27
Chile,2020,87.45929718,Personas que usan internet (% de la población),IT.NET.USER.ZS,https://api.worldbank.org/v2/country/PER;CHL;COL;MEX;BRA/indicator/IT.NET.USER.ZS?format=json&date=2016:2026&per_page=500,2026-08-27
Chile,2019,85.01760101,Personas que usan internet (% de la población),IT.NET.USER.ZS,https://api.worldbank.org/v2/country/PER;CHL;COL;MEX;BRA/indicator/IT.NET.USER.ZS?format=json&date=2016:2026&per_page=500,2026-08-27
Chile,2018,84.90000153,Personas que usan internet (% de la población),IT.NET.USER.ZS,https://api.worldbank.org/v2/country/PER;CHL;COL;MEX;BRA/indicator/IT.NET.USER.ZS?format=json&date=2016:2026&per_page=500,2026-08-27
Chile,2017,82.3274869338464,Personas que usan internet (% de la población),IT.NET.USER.ZS,https://api.worldbank.org/v2/country/PER;CHL;COL;MEX;BRA/indicator/IT.NET.USER.ZS?format=json&date=2016:2026&per_page=500,2026-08-27
Chile,2016,83.5585860244169,Personas que usan internet (% de la población),IT.NET.USER.ZS,https://api.worldbank.org/v2/country/PER;CHL;COL;MEX;BRA/indicator/IT.NET.USER.ZS?format=json&date=2016:2026&per_page=500,2026-08-27
Colombia,2024,79.34543299,Personas que usan internet (% de la población),IT.NET.USER.ZS,https://api.worldbank.org/v2/country/PER;CHL;COL;MEX;BRA/indicator/IT.NET.USER.ZS?format=json&date=2016:2026&per_page=500,2026-08-27
Colombia,2023,77.33686322,Personas que usan internet (% de la población),IT.NET.USER.ZS,https://api.worldbank.org/v2/country/PER;CHL;COL;MEX;BRA/indicator/IT.NET.USER.ZS?format=json&date=2016:2026&per_page=500,2026-08-27
Colombia,2022,72.79637855,Personas que usan internet (% de la población),IT.NET.USER.ZS,https://api.worldbank.org/v2/country/PER;CHL;COL;MEX;BRA/indicator/IT.NET.USER.ZS?format=json&date=2016:2026&per_page=500,2026-08-27
Colombia,2021,73.02837449,Personas que usan internet (% de la población),IT.NET.USER.ZS,https://api.worldbank.org/v2/country/PER;CHL;COL;MEX;BRA/indicator/IT.NET.USER.ZS?format=json&date=2016:2026&per_page=500,2026-08-27
Colombia,2020,69.79533474,Personas que usan internet (% de la población),IT.NET.USER.ZS,https://api.worldbank.org/v2/country/PER;CHL;COL;MEX;BRA/indicator/IT.NET.USER.ZS?format=json&date=2016:2026&per_page=500,2026-08-27
Colombia,2019,65.0069007159493,Personas que usan internet (% de la población),IT.NET.USER.ZS,https://api.worldbank.org/v2/country/PER;CHL;COL;MEX;BRA/indicator/IT.NET.USER.ZS?format=json&date=2016:2026&per_page=500,2026-08-27
Colombia,2018,64.1263768204459,Personas que usan internet (% de la población),IT.NET.USER.ZS,https://api.worldbank.org/v2/country/PER;CHL;COL;MEX;BRA/indicator/IT.NET.USER.ZS?format=json&date=2016:2026&per_page=500,2026-08-27
Colombia,2017,62.2598803162841,Personas que usan internet (% de la población),IT.NET.USER.ZS,https://api.worldbank.org/v2/country/PER;CHL;COL;MEX;BRA/indicator/IT.NET.USER.ZS?format=json&date=2016:2026&per_page=500,2026-08-27
Colombia,2016,58.1364935728703,Personas que usan internet (% de la población),IT.NET.USER.ZS,https://api.worldbank.org/v2/country/PER;CHL;COL;MEX;BRA/indicator/IT.NET.USER.ZS?format=json&date=2016:2026&per_page=500,2026-08-27
Mexico,2024,83.12233799,Personas que usan internet (% de la población),IT.NET.USER.ZS,https://api.worldbank.org/v2/country/PER;CHL;COL;MEX;BRA/indicator/IT.NET.USER.ZS?format=json&date=2016:2026&per_page=500,2026-08-27
Mexico,2023,81.18318755,Personas que usan internet (% de la población),IT.NET.USER.ZS,https://api.worldbank.org/v2/country/PER;CHL;COL;MEX;BRA/indicator/IT.NET.USER.ZS?format=json&date=2016:2026&per_page=500,2026-08-27
Mexico,2022,78.63217894,Personas que usan internet (% de la población),IT.NET.USER.ZS,https://api.worldbank.org/v2/country/PER;CHL;COL;MEX;BRA/indicator/IT.NET.USER.ZS?format=json&date=2016:2026&per_page=500,2026-08-27
Mexico,2021,75.62650476,Personas que usan internet (% de la población),IT.NET.USER.ZS,https://api.worldbank.org/v2/country/PER;CHL;COL;MEX;BRA/indicator/IT.NET.USER.ZS?format=json&date=2016:2026&per_page=500,2026-08-27
Mexico,2020,71.49017499,Personas que usan internet (% de la población),IT.NET.USER.ZS,https://api.worldbank.org/v2/country/PER;CHL;COL;MEX;BRA/indicator/IT.NET.USER.ZS?format=json&date=2016:2026&per_page=500,2026-08-27
Mexico,2019,69.6321092705209,Personas que usan internet (% de la población),IT.NET.USER.ZS,https://api.worldbank.org/v2/country/PER;CHL;COL;MEX;BRA/indicator/IT.NET.USER.ZS?format=json&date=2016:2026&per_page=500,2026-08-27
Mexico,2018,56.6595667981289,Personas que usan internet (% de la población),IT.NET.USER.ZS,https://api.worldbank.org/v2/country/PER;CHL;COL;MEX;BRA/indicator/IT.NET.USER.ZS?format=json&date=2016:2026&per_page=500,2026-08-27
Mexico,2017,53.0317886110982,Personas que usan internet (% de la población),IT.NET.USER.ZS,https://api.worldbank.org/v2/country/PER;CHL;COL;MEX;BRA/indicator/IT.NET.USER.ZS?format=json&date=2016:2026&per_page=500,2026-08-27
Mexico,2016,59.5404459967255,Personas que usan internet (% de la población),IT.NET.USER.ZS,https://api.worldbank.org/v2/country/PER;CHL;COL;MEX;BRA/indicator/IT.NET.USER.ZS?format=json&date=2016:2026&per_page=500,2026-08-27
Peru,2024,81.95705992,Personas que usan internet (% de la población),IT.NET.USER.ZS,https://api.worldbank.org/v2/country/PER;CHL;COL;MEX;BRA/indicator/IT.NET.USER.ZS?format=json&date=2016:2026&per_page=500,2026-08-27
Peru,2023,79.48484477,Personas que usan internet (% de la población),IT.NET.USER.ZS,https://api.worldbank.org/v2/country/PER;CHL;COL;MEX;BRA/indicator/IT.NET.USER.ZS?format=json&date=2016:2026&per_page=500,2026-08-27
Peru,2022,74.67495213,Personas que usan internet (% de la población),IT.NET.USER.ZS,https://api.worldbank.org/v2/country/PER;CHL;COL;MEX;BRA/indicator/IT.NET.USER.ZS?format=json&date=2016:2026&per_page=500,2026-08-27
Peru,2021,71.10782643,Personas que usan internet (% de la población),IT.NET.USER.ZS,https://api.worldbank.org/v2/country/PER;CHL;COL;MEX;BRA/indicator/IT.NET.USER.ZS?format=json&date=2016:2026&per_page=500,2026-08-27
Peru,2020,65.25179796,Personas que usan internet (% de la población),IT.NET.USER.ZS,https://api.worldbank.org/v2/country/PER;CHL;COL;MEX;BRA/indicator/IT.NET.USER.ZS?format=json&date=2016:2026&per_page=500,2026-08-27
Peru,2019,59.9505036049006,Personas que usan internet (% de la población),IT.NET.USER.ZS,https://api.worldbank.org/v2/country/PER;CHL;COL;MEX;BRA/indicator/IT.NET.USER.ZS?format=json&date=2016:2026&per_page=500,2026-08-27
Peru,2018,55.0543342443197,Personas que usan internet (% de la población),IT.NET.USER.ZS,https://api.worldbank.org/v2/country/PER;CHL;COL;MEX;BRA/indicator/IT.NET.USER.ZS?format=json&date=2016:2026&per_page=500,2026-08-27
Peru,2017,50.4504121848143,Personas que usan internet (% de la población),IT.NET.USER.ZS,https://api.worldbank.org/v2/country/PER;CHL;COL;MEX;BRA/indicator/IT.NET.USER.ZS?format=json&date=2016:2026&per_page=500,2026-08-27
Peru,2016,45.4617406869459,Personas que usan internet (% de la población),IT.NET.USER.ZS,https://api.worldbank.org/v2/country/PER;CHL;COL;MEX;BRA/indicator/IT.NET.USER.ZS?format=json&date=2016:2026&per_page=500,2026-08-27
Brazil,2024,101.926846460424,Suscripciones a telefonía móvil (por cada 100 personas),IT.CEL.SETS.P2,https://api.worldbank.org/v2/country/PER;CHL;COL;MEX;BRA/indicator/IT.CEL.SETS.P2?format=json&date=2016:2026&per_page=500,2026-08-27
Brazil,2023,101.020256020808,Suscripciones a telefonía móvil (por cada 100 personas),IT.CEL.SETS.P2,https://api.worldbank.org/v2/country/PER;CHL;COL;MEX;BRA/indicator/IT.CEL.SETS.P2?format=json&date=2016:2026&per_page=500,2026-08-27
Brazil,2022,101.245468903076,Suscripciones a telefonía móvil (por cada 100 personas),IT.CEL.SETS.P2,https://api.worldbank.org/v2/country/PER;CHL;COL;MEX;BRA/indicator/IT.CEL.SETS.P2?format=json&date=2016:2026&per_page=500,2026-08-27
Brazil,2021,104.824727184587,Suscripciones a telefonía móvil (por cada 100 personas),IT.CEL.SETS.P2,https://api.worldbank.org/v2/country/PER;CHL;COL;MEX;BRA/indicator/IT.CEL.SETS.P2?format=json&date=2016:2026&per_page=500,2026-08-27
Brazil,2020,98.6456198619193,Suscripciones a telefonía móvil (por cada 100 personas),IT.CEL.SETS.P2,https://api.worldbank.org/v2/country/PER;CHL;COL;MEX;BRA/indicator/IT.CEL.SETS.P2?format=json&date=2016:2026&per_page=500,2026-08-27
Brazil,2019,97.3747376780285,Suscripciones a telefonía móvil (por cada 100 personas),IT.CEL.SETS.P2,https://api.worldbank.org/v2/country/PER;CHL;COL;MEX;BRA/indicator/IT.CEL.SETS.P2?format=json&date=2016:2026&per_page=500,2026-08-27
Brazil,2018,101.602460284017,Suscripciones a telefonía móvil (por cada 100 personas),IT.CEL.SETS.P2,https://api.worldbank.org/v2/country/PER;CHL;COL;MEX;BRA/indicator/IT.CEL.SETS.P2?format=json&date=2016:2026&per_page=500,2026-08-27
Brazil,2017,108.092570205646,Suscripciones a telefonía móvil (por cada 100 personas),IT.CEL.SETS.P2,https://api.worldbank.org/v2/country/PER;CHL;COL;MEX;BRA/indicator/IT.CEL.SETS.P2?format=json&date=2016:2026&per_page=500,2026-08-27
Brazil,2016,120.101181531485,Suscripciones a telefonía móvil (por cada 100 personas),IT.CEL.SETS.P2,https://api.worldbank.org/v2/country/PER;CHL;COL;MEX;BRA/indicator/IT.CEL.SETS.P2?format=json&date=2016:2026&per_page=500,2026-08-27
Chile,2024,132.660408764665,Suscripciones a telefonía móvil (por cada 100 personas),IT.CEL.SETS.P2,https://api.worldbank.org/v2/country/PER;CHL;COL;MEX;BRA/indicator/IT.CEL.SETS.P2?format=json&date=2016:2026&per_page=500,2026-08-27
Chile,2023,135.871118507277,Suscripciones a telefonía móvil (por cada 100 personas),IT.CEL.SETS.P2,https://api.worldbank.org/v2/country/PER;CHL;COL;MEX;BRA/indicator/IT.CEL.SETS.P2?format=json&date=2016:2026&per_page=500,2026-08-27
Chile,2022,135.114280974065,Suscripciones a telefonía móvil (por cada 100 personas),IT.CEL.SETS.P2,https://api.worldbank.org/v2/country/PER;CHL;COL;MEX;BRA/indicator/IT.CEL.SETS.P2?format=json&date=2016:2026&per_page=500,2026-08-27
Chile,2021,136.571581265001,Suscripciones a telefonía móvil (por cada 100 personas),IT.CEL.SETS.P2,https://api.worldbank.org/v2/country/PER;CHL;COL;MEX;BRA/indicator/IT.CEL.SETS.P2?format=json&date=2016:2026&per_page=500,2026-08-27
Chile,2020,129.413740104604,Suscripciones a telefonía móvil (por cada 100 personas),IT.CEL.SETS.P2,https://api.worldbank.org/v2/country/PER;CHL;COL;MEX;BRA/indicator/IT.CEL.SETS.P2?format=json&date=2016:2026&per_page=500,2026-08-27
Chile,2019,130.492770400522,Suscripciones a telefonía móvil (por cada 100 personas),IT.CEL.SETS.P2,https://api.worldbank.org/v2/country/PER;CHL;COL;MEX;BRA/indicator/IT.CEL.SETS.P2?format=json&date=2016:2026&per_page=500,2026-08-27
Chile,2018,133.270134198082,Suscripciones a telefonía móvil (por cada 100 personas),IT.CEL.SETS.P2,https://api.worldbank.org/v2/country/PER;CHL;COL;MEX;BRA/indicator/IT.CEL.SETS.P2?format=json&date=2016:2026&per_page=500,2026-08-27
Chile,2017,124.000811902967,Suscripciones a telefonía móvil (por cada 100 personas),IT.CEL.SETS.P2,https://api.worldbank.org/v2/country/PER;CHL;COL;MEX;BRA/indicator/IT.CEL.SETS.P2?format=json&date=2016:2026&per_page=500,2026-08-27
Chile,2016,127.565123343064,Suscripciones a telefonía móvil (por cada 100 personas),IT.CEL.SETS.P2,https://api.worldbank.org/v2/country/PER;CHL;COL;MEX;BRA/indicator/IT.CEL.SETS.P2?format=json&date=2016:2026&per_page=500,2026-08-27
Colombia,2024,174.094289675393,Suscripciones a telefonía móvil (por cada 100 personas),IT.CEL.SETS.P2,https://api.worldbank.org/v2/country/PER;CHL;COL;MEX;BRA/indicator/IT.CEL.SETS.P2?format=json&date=2016:2026&per_page=500,2026-08-27
Colombia,2023,166.980107777443,Suscripciones a telefonía móvil (por cada 100 personas),IT.CEL.SETS.P2,https://api.worldbank.org/v2/country/PER;CHL;COL;MEX;BRA/indicator/IT.CEL.SETS.P2?format=json&date=2016:2026&per_page=500,2026-08-27
Colombia,2022,156.195161137443,Suscripciones a telefonía móvil (por cada 100 personas),IT.CEL.SETS.P2,https://api.worldbank.org/v2/country/PER;CHL;COL;MEX;BRA/indicator/IT.CEL.SETS.P2?format=json&date=2016:2026&per_page=500,2026-08-27
Colombia,2021,146.627837254516,Suscripciones a telefonía móvil (por cada 100 personas),IT.CEL.SETS.P2,https://api.worldbank.org/v2/country/PER;CHL;COL;MEX;BRA/indicator/IT.CEL.SETS.P2?format=json&date=2016:2026&per_page=500,2026-08-27
Colombia,2020,133.661019178018,Suscripciones a telefonía móvil (por cada 100 personas),IT.CEL.SETS.P2,https://api.worldbank.org/v2/country/PER;CHL;COL;MEX;BRA/indicator/IT.CEL.SETS.P2?format=json&date=2016:2026&per_page=500,2026-08-27
Colombia,2019,132.810761644655,Suscripciones a telefonía móvil (por cada 100 personas),IT.CEL.SETS.P2,https://api.worldbank.org/v2/country/PER;CHL;COL;MEX;BRA/indicator/IT.CEL.SETS.P2?format=json&date=2016:2026&per_page=500,2026-08-27
Colombia,2018,131.595473810882,Suscripciones a telefonía móvil (por cada 100 personas),IT.CEL.SETS.P2,https://api.worldbank.org/v2/country/PER;CHL;COL;MEX;BRA/indicator/IT.CEL.SETS.P2?format=json&date=2016:2026&per_page=500,2026-08-27
Colombia,2017,129.272014227481,Suscripciones a telefonía móvil (por cada 100 personas),IT.CEL.SETS.P2,https://api.worldbank.org/v2/country/PER;CHL;COL;MEX;BRA/indicator/IT.CEL.SETS.P2?format=json&date=2016:2026&per_page=500,2026-08-27
Colombia,2016,123.709953422515,Suscripciones a telefonía móvil (por cada 100 personas),IT.CEL.SETS.P2,https://api.worldbank.org/v2/country/PER;CHL;COL;MEX;BRA/indicator/IT.CEL.SETS.P2?format=json&date=2016:2026&per_page=500,2026-08-27
Mexico,2024,116.486713265167,Suscripciones a telefonía móvil (por cada 100 personas),IT.CEL.SETS.P2,https://api.worldbank.org/v2/country/PER;CHL;COL;MEX;BRA/indicator/IT.CEL.SETS.P2?format=json&date=2016:2026&per_page=500,2026-08-27
Mexico,2023,111.735420288549,Suscripciones a telefonía móvil (por cada 100 personas),IT.CEL.SETS.P2,https://api.worldbank.org/v2/country/PER;CHL;COL;MEX;BRA/indicator/IT.CEL.SETS.P2?format=json&date=2016:2026&per_page=500,2026-08-27
Mexico,2022,105.720624125765,Suscripciones a telefonía móvil (por cada 100 personas),IT.CEL.SETS.P2,https://api.worldbank.org/v2/country/PER;CHL;COL;MEX;BRA/indicator/IT.CEL.SETS.P2?format=json&date=2016:2026&per_page=500,2026-08-27
Mexico,2021,99.09481491263,Suscripciones a telefonía móvil (por cada 100 personas),IT.CEL.SETS.P2,https://api.worldbank.org/v2/country/PER;CHL;COL;MEX;BRA/indicator/IT.CEL.SETS.P2?format=json&date=2016:2026&per_page=500,2026-08-27
Mexico,2020,96.9237451881936,Suscripciones a telefonía móvil (por cada 100 personas),IT.CEL.SETS.P2,https://api.worldbank.org/v2/country/PER;CHL;COL;MEX;BRA/indicator/IT.CEL.SETS.P2?format=json&date=2016:2026&per_page=500,2026-08-27
Mexico,2019,97.0358606795758,Suscripciones a telefonía móvil (por cada 100 personas),IT.CEL.SETS.P2,https://api.worldbank.org/v2/country/PER;CHL;COL;MEX;BRA/indicator/IT.CEL.SETS.P2?format=json&date=2016:2026&per_page=500,2026-08-27
Mexico,2018,96.4612204576614,Suscripciones a telefonía móvil (por cada 100 personas),IT.CEL.SETS.P2,https://api.worldbank.org/v2/country/PER;CHL;COL;MEX;BRA/indicator/IT.CEL.SETS.P2?format=json&date=2016:2026&per_page=500,2026-08-27
Mexico,2017,92.6493518556478,Suscripciones a telefonía móvil (por cada 100 personas),IT.CEL.SETS.P2,https://api.worldbank.org/v2/country/PER;CHL;COL;MEX;BRA/indicator/IT.CEL.SETS.P2?format=json&date=2016:2026&per_page=500,2026-08-27
Mexico,2016,91.3941924453661,Suscripciones a telefonía móvil (por cada 100 personas),IT.CEL.SETS.P2,https://api.worldbank.org/v2/country/PER;CHL;COL;MEX;BRA/indicator/IT.CEL.SETS.P2?format=json&date=2016:2026&per_page=500,2026-08-27
Peru,2024,124.623544414599,Suscripciones a telefonía móvil (por cada 100 personas),IT.CEL.SETS.P2,https://api.worldbank.org/v2/country/PER;CHL;COL;MEX;BRA/indicator/IT.CEL.SETS.P2?format=json&date=2016:2026&per_page=500,2026-08-27
Peru,2023,121.975084691173,Suscripciones a telefonía móvil (por cada 100 personas),IT.CEL.SETS.P2,https://api.worldbank.org/v2/country/PER;CHL;COL;MEX;BRA/indicator/IT.CEL.SETS.P2?format=json&date=2016:2026&per_page=500,2026-08-27
Peru,2022,124.119322949561,Suscripciones a telefonía móvil (por cada 100 personas),IT.CEL.SETS.P2,https://api.worldbank.org/v2/country/PER;CHL;COL;MEX;BRA/indicator/IT.CEL.SETS.P2?format=json&date=2016:2026&per_page=500,2026-08-27
Peru,2021,129.993736857913,Suscripciones a telefonía móvil (por cada 100 personas),IT.CEL.SETS.P2,https://api.worldbank.org/v2/country/PER;CHL;COL;MEX;BRA/indicator/IT.CEL.SETS.P2?format=json&date=2016:2026&per_page=500,2026-08-27
Peru,2020,119.854099046125,Suscripciones a telefonía móvil (por cada 100 personas),IT.CEL.SETS.P2,https://api.worldbank.org/v2/country/PER;CHL;COL;MEX;BRA/indicator/IT.CEL.SETS.P2?format=json&date=2016:2026&per_page=500,2026-08-27
Peru,2019,122.790350843591,Suscripciones a telefonía móvil (por cada 100 personas),IT.CEL.SETS.P2,https://api.worldbank.org/v2/country/PER;CHL;COL;MEX;BRA/indicator/IT.CEL.SETS.P2?format=json&date=2016:2026&per_page=500,2026-08-27
Peru,2018,132.156626658621,Suscripciones a telefonía móvil (por cada 100 personas),IT.CEL.SETS.P2,https://api.worldbank.org/v2/country/PER;CHL;COL;MEX;BRA/indicator/IT.CEL.SETS.P2?format=json&date=2016:2026&per_page=500,2026-08-27
Peru,2017,124.232520236388,Suscripciones a telefonía móvil (por cada 100 personas),IT.CEL.SETS.P2,https://api.worldbank.org/v2/country/PER;CHL;COL;MEX;BRA/indicator/IT.CEL.SETS.P2?format=json&date=2016:2026&per_page=500,2026-08-27
Peru,2016,119.654538672257,Suscripciones a telefonía móvil (por cada 100 personas),IT.CEL.SETS.P2,https://api.worldbank.org/v2/country/PER;CHL;COL;MEX;BRA/indicator/IT.CEL.SETS.P2?format=json&date=2016:2026&per_page=500,2026-08-27
Brazil,2025,10713.2856869511,PBI per cápita (US$ a precios actuales),NY.GDP.PCAP.CD,https://api.worldbank.org/v2/country/PER;CHL;COL;MEX;BRA/indicator/NY.GDP.PCAP.CD?format=json&date=2016:2026&per_page=500,2026-08-27
Brazil,2024,10310.5486973693,PBI per cápita (US$ a precios actuales),NY.GDP.PCAP.CD,https://api.worldbank.org/v2/country/PER;CHL;COL;MEX;BRA/indicator/NY.GDP.PCAP.CD?format=json&date=2016:2026&per_page=500,2026-08-27
Brazil,2023,10377.5892792557,PBI per cápita (US$ a precios actuales),NY.GDP.PCAP.CD,https://api.worldbank.org/v2/country/PER;CHL;COL;MEX;BRA/indicator/NY.GDP.PCAP.CD?format=json&date=2016:2026&per_page=500,2026-08-27
Brazil,2022,9281.33334441234,PBI per cápita (US$ a precios actuales),NY.GDP.PCAP.CD,https://api.worldbank.org/v2/country/PER;CHL;COL;MEX;BRA/indicator/NY.GDP.PCAP.CD?format=json&date=2016:2026&per_page=500,2026-08-27
Brazil,2021,7972.5366498646,PBI per cápita (US$ a precios actuales),NY.GDP.PCAP.CD,https://api.worldbank.org/v2/country/PER;CHL;COL;MEX;BRA/indicator/NY.GDP.PCAP.CD?format=json&date=2016:2026&per_page=500,2026-08-27
Brazil,2020,7074.19378337644,PBI per cápita (US$ a precios actuales),NY.GDP.PCAP.CD,https://api.worldbank.org/v2/country/PER;CHL;COL;MEX;BRA/indicator/NY.GDP.PCAP.CD?format=json&date=2016:2026&per_page=500,2026-08-27
Brazil,2019,9029.83326681073,PBI per cápita (US$ a precios actuales),NY.GDP.PCAP.CD,https://api.worldbank.org/v2/country/PER;CHL;COL;MEX;BRA/indicator/NY.GDP.PCAP.CD?format=json&date=2016:2026&per_page=500,2026-08-27
Brazil,2018,9300.66164923219,PBI per cápita (US$ a precios actuales),NY.GDP.PCAP.CD,https://api.worldbank.org/v2/country/PER;CHL;COL;MEX;BRA/indicator/NY.GDP.PCAP.CD?format=json&date=2016:2026&per_page=500,2026-08-27
Brazil,2017,10080.5092819305,PBI per cápita (US$ a precios actuales),NY.GDP.PCAP.CD,https://api.worldbank.org/v2/country/PER;CHL;COL;MEX;BRA/indicator/NY.GDP.PCAP.CD?format=json&date=2016:2026&per_page=500,2026-08-27
Brazil,2016,8836.28652735657,PBI per cápita (US$ a precios actuales),NY.GDP.PCAP.CD,https://api.worldbank.org/v2/country/PER;CHL;COL;MEX;BRA/indicator/NY.GDP.PCAP.CD?format=json&date=2016:2026&per_page=500,2026-08-27
Chile,2025,17994.5911957485,PBI per cápita (US$ a precios actuales),NY.GDP.PCAP.CD,https://api.worldbank.org/v2/country/PER;CHL;COL;MEX;BRA/indicator/NY.GDP.PCAP.CD?format=json&date=2016:2026&per_page=500,2026-08-27
Chile,2024,16658.9652720351,PBI per cápita (US$ a precios actuales),NY.GDP.PCAP.CD,https://api.worldbank.org/v2/country/PER;CHL;COL;MEX;BRA/indicator/NY.GDP.PCAP.CD?format=json&date=2016:2026&per_page=500,2026-08-27
Chile,2023,17081.5180740049,PBI per cápita (US$ a precios actuales),NY.GDP.PCAP.CD,https://api.worldbank.org/v2/country/PER;CHL;COL;MEX;BRA/indicator/NY.GDP.PCAP.CD?format=json&date=2016:2026&per_page=500,2026-08-27
Chile,2022,15399.1044717559,PBI per cápita (US$ a precios actuales),NY.GDP.PCAP.CD,https://api.worldbank.org/v2/country/PER;CHL;COL;MEX;BRA/indicator/NY.GDP.PCAP.CD?format=json&date=2016:2026&per_page=500,2026-08-27
Chile,2021,16216.1840860289,PBI per cápita (US$ a precios actuales),NY.GDP.PCAP.CD,https://api.worldbank.org/v2/country/PER;CHL;COL;MEX;BRA/indicator/NY.GDP.PCAP.CD?format=json&date=2016:2026&per_page=500,2026-08-27
Chile,2020,13117.9930230086,PBI per cápita (US$ a precios actuales),NY.GDP.PCAP.CD,https://api.worldbank.org/v2/country/PER;CHL;COL;MEX;BRA/indicator/NY.GDP.PCAP.CD?format=json&date=2016:2026&per_page=500,2026-08-27
Chile,2019,14496.9345640362,PBI per cápita (US$ a precios actuales),NY.GDP.PCAP.CD,https://api.worldbank.org/v2/country/PER;CHL;COL;MEX;BRA/indicator/NY.GDP.PCAP.CD?format=json&date=2016:2026&per_page=500,2026-08-27
Chile,2018,15659.4808675628,PBI per cápita (US$ a precios actuales),NY.GDP.PCAP.CD,https://api.worldbank.org/v2/country/PER;CHL;COL;MEX;BRA/indicator/NY.GDP.PCAP.CD?format=json&date=2016:2026&per_page=500,2026-08-27
Chile,2017,14879.9086227187,PBI per cápita (US$ a precios actuales),NY.GDP.PCAP.CD,https://api.worldbank.org/v2/country/PER;CHL;COL;MEX;BRA/indicator/NY.GDP.PCAP.CD?format=json&date=2016:2026&per_page=500,2026-08-27
Chile,2016,13649.8520452803,PBI per cápita (US$ a precios actuales),NY.GDP.PCAP.CD,https://api.worldbank.org/v2/country/PER;CHL;COL;MEX;BRA/indicator/NY.GDP.PCAP.CD?format=json&date=2016:2026&per_page=500,2026-08-27
Colombia,2025,8561.62091854449,PBI per cápita (US$ a precios actuales),NY.GDP.PCAP.CD,https://api.worldbank.org/v2/country/PER;CHL;COL;MEX;BRA/indicator/NY.GDP.PCAP.CD?format=json&date=2016:2026&per_page=500,2026-08-27
Colombia,2024,7951.08624019412,PBI per cápita (US$ a precios actuales),NY.GDP.PCAP.CD,https://api.worldbank.org/v2/country/PER;CHL;COL;MEX;BRA/indicator/NY.GDP.PCAP.CD?format=json&date=2016:2026&per_page=500,2026-08-27
Colombia,2023,7012.49169137756,PBI per cápita (US$ a precios actuales),NY.GDP.PCAP.CD,https://api.worldbank.org/v2/country/PER;CHL;COL;MEX;BRA/indicator/NY.GDP.PCAP.CD?format=json&date=2016:2026&per_page=500,2026-08-27
Colombia,2022,6680.44506854481,PBI per cápita (US$ a precios actuales),NY.GDP.PCAP.CD,https://api.worldbank.org/v2/country/PER;CHL;COL;MEX;BRA/indicator/NY.GDP.PCAP.CD?format=json&date=2016:2026&per_page=500,2026-08-27
Colombia,2021,6222.62164397614,PBI per cápita (US$ a precios actuales),NY.GDP.PCAP.CD,https://api.worldbank.org/v2/country/PER;CHL;COL;MEX;BRA/indicator/NY.GDP.PCAP.CD?format=json&date=2016:2026&per_page=500,2026-08-27
Colombia,2020,5339.68711357943,PBI per cápita (US$ a precios actuales),NY.GDP.PCAP.CD,https://api.worldbank.org/v2/country/PER;CHL;COL;MEX;BRA/indicator/NY.GDP.PCAP.CD?format=json&date=2016:2026&per_page=500,2026-08-27
Colombia,2019,6472.54544924705,PBI per cápita (US$ a precios actuales),NY.GDP.PCAP.CD,https://api.worldbank.org/v2/country/PER;CHL;COL;MEX;BRA/indicator/NY.GDP.PCAP.CD?format=json&date=2016:2026&per_page=500,2026-08-27
Colombia,2018,6816.96818309544,PBI per cápita (US$ a precios actuales),NY.GDP.PCAP.CD,https://api.worldbank.org/v2/country/PER;CHL;COL;MEX;BRA/indicator/NY.GDP.PCAP.CD?format=json&date=2016:2026&per_page=500,2026-08-27
Colombia,2017,6479.53231292429,PBI per cápita (US$ a precios actuales),NY.GDP.PCAP.CD,https://api.worldbank.org/v2/country/PER;CHL;COL;MEX;BRA/indicator/NY.GDP.PCAP.CD?format=json&date=2016:2026&per_page=500,2026-08-27
Colombia,2016,5959.84250367574,PBI per cápita (US$ a precios actuales),NY.GDP.PCAP.CD,https://api.worldbank.org/v2/country/PER;CHL;COL;MEX;BRA/indicator/NY.GDP.PCAP.CD?format=json&date=2016:2026&per_page=500,2026-08-27
Mexico,2025,13889.2339628708,PBI per cápita (US$ a precios actuales),NY.GDP.PCAP.CD,https://api.worldbank.org/v2/country/PER;CHL;COL;MEX;BRA/indicator/NY.GDP.PCAP.CD?format=json&date=2016:2026&per_page=500,2026-08-27
Mexico,2024,13988.0423745241,PBI per cápita (US$ a precios actuales),NY.GDP.PCAP.CD,https://api.worldbank.org/v2/country/PER;CHL;COL;MEX;BRA/indicator/NY.GDP.PCAP.CD?format=json&date=2016:2026&per_page=500,2026-08-27
Mexico,2023,13830.843848864,PBI per cápita (US$ a precios actuales),NY.GDP.PCAP.CD,https://api.worldbank.org/v2/country/PER;CHL;COL;MEX;BRA/indicator/NY.GDP.PCAP.CD?format=json&date=2016:2026&per_page=500,2026-08-27
Mexico,2022,11405.7940469896,PBI per cápita (US$ a precios actuales),NY.GDP.PCAP.CD,https://api.worldbank.org/v2/country/PER;CHL;COL;MEX;BRA/indicator/NY.GDP.PCAP.CD?format=json&date=2016:2026&per_page=500,2026-08-27
Mexico,2021,10314.0506733708,PBI per cápita (US$ a precios actuales),NY.GDP.PCAP.CD,https://api.worldbank.org/v2/country/PER;CHL;COL;MEX;BRA/indicator/NY.GDP.PCAP.CD?format=json&date=2016:2026&per_page=500,2026-08-27
Mexico,2020,8841.27074929751,PBI per cápita (US$ a precios actuales),NY.GDP.PCAP.CD,https://api.worldbank.org/v2/country/PER;CHL;COL;MEX;BRA/indicator/NY.GDP.PCAP.CD?format=json&date=2016:2026&per_page=500,2026-08-27
Mexico,2019,10369.5553593527,PBI per cápita (US$ a precios actuales),NY.GDP.PCAP.CD,https://api.worldbank.org/v2/country/PER;CHL;COL;MEX;BRA/indicator/NY.GDP.PCAP.CD?format=json&date=2016:2026&per_page=500,2026-08-27
Mexico,2018,10084.7937570364,PBI per cápita (US$ a precios actuales),NY.GDP.PCAP.CD,https://api.worldbank.org/v2/country/PER;CHL;COL;MEX;BRA/indicator/NY.GDP.PCAP.CD?format=json&date=2016:2026&per_page=500,2026-08-27
Mexico,2017,9649.27816729586,PBI per cápita (US$ a precios actuales),NY.GDP.PCAP.CD,https://api.worldbank.org/v2/country/PER;CHL;COL;MEX;BRA/indicator/NY.GDP.PCAP.CD?format=json&date=2016:2026&per_page=500,2026-08-27
Mexico,2016,9097.92397674769,PBI per cápita (US$ a precios actuales),NY.GDP.PCAP.CD,https://api.worldbank.org/v2/country/PER;CHL;COL;MEX;BRA/indicator/NY.GDP.PCAP.CD?format=json&date=2016:2026&per_page=500,2026-08-27
Peru,2025,9684.41170314988,PBI per cápita (US$ a precios actuales),NY.GDP.PCAP.CD,https://api.worldbank.org/v2/country/PER;CHL;COL;MEX;BRA/indicator/NY.GDP.PCAP.CD?format=json&date=2016:2026&per_page=500,2026-08-27
Peru,2024,8526.29665719783,PBI per cápita (US$ a precios actuales),NY.GDP.PCAP.CD,https://api.worldbank.org/v2/country/PER;CHL;COL;MEX;BRA/indicator/NY.GDP.PCAP.CD?format=json&date=2016:2026&per_page=500,2026-08-27
Peru,2023,7919.04634828547,PBI per cápita (US$ a precios actuales),NY.GDP.PCAP.CD,https://api.worldbank.org/v2/country/PER;CHL;COL;MEX;BRA/indicator/NY.GDP.PCAP.CD?format=json&date=2016:2026&per_page=500,2026-08-27
Peru,2022,7353.74598721667,PBI per cápita (US$ a precios actuales),NY.GDP.PCAP.CD,https://api.worldbank.org/v2/country/PER;CHL;COL;MEX;BRA/indicator/NY.GDP.PCAP.CD?format=json&date=2016:2026&per_page=500,2026-08-27
Peru,2021,6828.53422535638,PBI per cápita (US$ a precios actuales),NY.GDP.PCAP.CD,https://api.worldbank.org/v2/country/PER;CHL;COL;MEX;BRA/indicator/NY.GDP.PCAP.CD?format=json&date=2016:2026&per_page=500,2026-08-27
Peru,2020,6133.32552410183,PBI per cápita (US$ a precios actuales),NY.GDP.PCAP.CD,https://api.worldbank.org/v2/country/PER;CHL;COL;MEX;BRA/indicator/NY.GDP.PCAP.CD?format=json&date=2016:2026&per_page=500,2026-08-27
Peru,2019,7037.00803692604,PBI per cápita (US$ a precios actuales),NY.GDP.PCAP.CD,https://api.worldbank.org/v2/country/PER;CHL;COL;MEX;BRA/indicator/NY.GDP.PCAP.CD?format=json&date=2016:2026&per_page=500,2026-08-27
Peru,2018,6978.49121548627,PBI per cápita (US$ a precios actuales),NY.GDP.PCAP.CD,https://api.worldbank.org/v2/country/PER;CHL;COL;MEX;BRA/indicator/NY.GDP.PCAP.CD?format=json&date=2016:2026&per_page=500,2026-08-27
Peru,2017,6736.16693725487,PBI per cápita (US$ a precios actuales),NY.GDP.PCAP.CD,https://api.worldbank.org/v2/country/PER;CHL;COL;MEX;BRA/indicator/NY.GDP.PCAP.CD?format=json&date=2016:2026&per_page=500,2026-08-27
Peru,2016,6217.03599995447,PBI per cápita (US$ a precios actuales),NY.GDP.PCAP.CD,https://api.worldbank.org/v2/country/PER;CHL;COL;MEX;BRA/indicator/NY.GDP.PCAP.CD?format=json&date=2016:2026&per_page=500,2026-08-27
Brazil,2023,1.1938,Gasto en investigación y desarrollo (% del PBI),GB.XPD.RSDV.GD.ZS,https://api.worldbank.org/v2/country/PER;CHL;COL;MEX;BRA/indicator/GB.XPD.RSDV.GD.ZS?format=json&date=2016:2026&per_page=500,2026-08-27
Brazil,2022,1.18873,Gasto en investigación y desarrollo (% del PBI),GB.XPD.RSDV.GD.ZS,https://api.worldbank.org/v2/country/PER;CHL;COL;MEX;BRA/indicator/GB.XPD.RSDV.GD.ZS?format=json&date=2016:2026&per_page=500,2026-08-27
Brazil,2021,1.13371,Gasto en investigación y desarrollo (% del PBI),GB.XPD.RSDV.GD.ZS,https://api.worldbank.org/v2/country/PER;CHL;COL;MEX;BRA/indicator/GB.XPD.RSDV.GD.ZS?format=json&date=2016:2026&per_page=500,2026-08-27
Brazil,2020,1.21907,Gasto en investigación y desarrollo (% del PBI),GB.XPD.RSDV.GD.ZS,https://api.worldbank.org/v2/country/PER;CHL;COL;MEX;BRA/indicator/GB.XPD.RSDV.GD.ZS?format=json&date=2016:2026&per_page=500,2026-08-27
Brazil,2019,1.15115,Gasto en investigación y desarrollo (% del PBI),GB.XPD.RSDV.GD.ZS,https://api.worldbank.org/v2/country/PER;CHL;COL;MEX;BRA/indicator/GB.XPD.RSDV.GD.ZS?format=json&date=2016:2026&per_page=500,2026-08-27
Brazil,2018,1.15016,Gasto en investigación y desarrollo (% del PBI),GB.XPD.RSDV.GD.ZS,https://api.worldbank.org/v2/country/PER;CHL;COL;MEX;BRA/indicator/GB.XPD.RSDV.GD.ZS?format=json&date=2016:2026&per_page=500,2026-08-27
Brazil,2017,1.1175,Gasto en investigación y desarrollo (% del PBI),GB.XPD.RSDV.GD.ZS,https://api.worldbank.org/v2/country/PER;CHL;COL;MEX;BRA/indicator/GB.XPD.RSDV.GD.ZS?format=json&date=2016:2026&per_page=500,2026-08-27
Brazil,2016,1.19584,Gasto en investigación y desarrollo (% del PBI),GB.XPD.RSDV.GD.ZS,https://api.worldbank.org/v2/country/PER;CHL;COL;MEX;BRA/indicator/GB.XPD.RSDV.GD.ZS?format=json&date=2016:2026&per_page=500,2026-08-27
Chile,2022,0.39205,Gasto en investigación y desarrollo (% del PBI),GB.XPD.RSDV.GD.ZS,https://api.worldbank.org/v2/country/PER;CHL;COL;MEX;BRA/indicator/GB.XPD.RSDV.GD.ZS?format=json&date=2016:2026&per_page=500,2026-08-27
Chile,2021,0.36063,Gasto en investigación y desarrollo (% del PBI),GB.XPD.RSDV.GD.ZS,https://api.worldbank.org/v2/country/PER;CHL;COL;MEX;BRA/indicator/GB.XPD.RSDV.GD.ZS?format=json&date=2016:2026&per_page=500,2026-08-27
Chile,2020,0.33525,Gasto en investigación y desarrollo (% del PBI),GB.XPD.RSDV.GD.ZS,https://api.worldbank.org/v2/country/PER;CHL;COL;MEX;BRA/indicator/GB.XPD.RSDV.GD.ZS?format=json&date=2016:2026&per_page=500,2026-08-27
Chile,2019,0.34243,Gasto en investigación y desarrollo (% del PBI),GB.XPD.RSDV.GD.ZS,https://api.worldbank.org/v2/country/PER;CHL;COL;MEX;BRA/indicator/GB.XPD.RSDV.GD.ZS?format=json&date=2016:2026&per_page=500,2026-08-27
Chile,2018,0.36916,Gasto en investigación y desarrollo (% del PBI),GB.XPD.RSDV.GD.ZS,https://api.worldbank.org/v2/country/PER;CHL;COL;MEX;BRA/indicator/GB.XPD.RSDV.GD.ZS?format=json&date=2016:2026&per_page=500,2026-08-27
Chile,2017,0.35679,Gasto en investigación y desarrollo (% del PBI),GB.XPD.RSDV.GD.ZS,https://api.worldbank.org/v2/country/PER;CHL;COL;MEX;BRA/indicator/GB.XPD.RSDV.GD.ZS?format=json&date=2016:2026&per_page=500,2026-08-27
Chile,2016,0.37103,Gasto en investigación y desarrollo (% del PBI),GB.XPD.RSDV.GD.ZS,https://api.worldbank.org/v2/country/PER;CHL;COL;MEX;BRA/indicator/GB.XPD.RSDV.GD.ZS?format=json&date=2016:2026&per_page=500,2026-08-27
Colombia,2020,0.2894,Gasto en investigación y desarrollo (% del PBI),GB.XPD.RSDV.GD.ZS,https://api.worldbank.org/v2/country/PER;CHL;COL;MEX;BRA/indicator/GB.XPD.RSDV.GD.ZS?format=json&date=2016:2026&per_page=500,2026-08-27
Colombia,2019,0.32201,Gasto en investigación y desarrollo (% del PBI),GB.XPD.RSDV.GD.ZS,https://api.worldbank.org/v2/country/PER;CHL;COL;MEX;BRA/indicator/GB.XPD.RSDV.GD.ZS?format=json&date=2016:2026&per_page=500,2026-08-27
Colombia,2018,0.31233,Gasto en investigación y desarrollo (% del PBI),GB.XPD.RSDV.GD.ZS,https://api.worldbank.org/v2/country/PER;CHL;COL;MEX;BRA/indicator/GB.XPD.RSDV.GD.ZS?format=json&date=2016:2026&per_page=500,2026-08-27
Colombia,2017,0.26109,Gasto en investigación y desarrollo (% del PBI),GB.XPD.RSDV.GD.ZS,https://api.worldbank.org/v2/country/PER;CHL;COL;MEX;BRA/indicator/GB.XPD.RSDV.GD.ZS?format=json&date=2016:2026&per_page=500,2026-08-27
Colombia,2016,0.27051,Gasto en investigación y desarrollo (% del PBI),GB.XPD.RSDV.GD.ZS,https://api.worldbank.org/v2/country/PER;CHL;COL;MEX;BRA/indicator/GB.XPD.RSDV.GD.ZS?format=json&date=2016:2026&per_page=500,2026-08-27
Mexico,2024,0.25372,Gasto en investigación y desarrollo (% del PBI),GB.XPD.RSDV.GD.ZS,https://api.worldbank.org/v2/country/PER;CHL;COL;MEX;BRA/indicator/GB.XPD.RSDV.GD.ZS?format=json&date=2016:2026&per_page=500,2026-08-27
Mexico,2023,0.26746,Gasto en investigación y desarrollo (% del PBI),GB.XPD.RSDV.GD.ZS,https://api.worldbank.org/v2/country/PER;CHL;COL;MEX;BRA/indicator/GB.XPD.RSDV.GD.ZS?format=json&date=2016:2026&per_page=500,2026-08-27
Mexico,2022,0.25727,Gasto en investigación y desarrollo (% del PBI),GB.XPD.RSDV.GD.ZS,https://api.worldbank.org/v2/country/PER;CHL;COL;MEX;BRA/indicator/GB.XPD.RSDV.GD.ZS?format=json&date=2016:2026&per_page=500,2026-08-27
Mexico,2021,0.27305,Gasto en investigación y desarrollo (% del PBI),GB.XPD.RSDV.GD.ZS,https://api.worldbank.org/v2/country/PER;CHL;COL;MEX;BRA/indicator/GB.XPD.RSDV.GD.ZS?format=json&date=2016:2026&per_page=500,2026-08-27
Mexico,2020,0.29185,Gasto en investigación y desarrollo (% del PBI),GB.XPD.RSDV.GD.ZS,https://api.worldbank.org/v2/country/PER;CHL;COL;MEX;BRA/indicator/GB.XPD.RSDV.GD.ZS?format=json&date=2016:2026&per_page=500,2026-08-27
Mexico,2019,0.27629,Gasto en investigación y desarrollo (% del PBI),GB.XPD.RSDV.GD.ZS,https://api.worldbank.org/v2/country/PER;CHL;COL;MEX;BRA/indicator/GB.XPD.RSDV.GD.ZS?format=json&date=2016:2026&per_page=500,2026-08-27
Mexico,2018,0.29816,Gasto en investigación y desarrollo (% del PBI),GB.XPD.RSDV.GD.ZS,https://api.worldbank.org/v2/country/PER;CHL;COL;MEX;BRA/indicator/GB.XPD.RSDV.GD.ZS?format=json&date=2016:2026&per_page=500,2026-08-27
Mexico,2017,0.31955,Gasto en investigación y desarrollo (% del PBI),GB.XPD.RSDV.GD.ZS,https://api.worldbank.org/v2/country/PER;CHL;COL;MEX;BRA/indicator/GB.XPD.RSDV.GD.ZS?format=json&date=2016:2026&per_page=500,2026-08-27
Mexico,2016,0.37601,Gasto en investigación y desarrollo (% del PBI),GB.XPD.RSDV.GD.ZS,https://api.worldbank.org/v2/country/PER;CHL;COL;MEX;BRA/indicator/GB.XPD.RSDV.GD.ZS?format=json&date=2016:2026&per_page=500,2026-08-27
Peru,2023,0.17611,Gasto en investigación y desarrollo (% del PBI),GB.XPD.RSDV.GD.ZS,https://api.worldbank.org/v2/country/PER;CHL;COL;MEX;BRA/indicator/GB.XPD.RSDV.GD.ZS?format=json&date=2016:2026&per_page=500,2026-08-27
Peru,2022,0.16206,Gasto en investigación y desarrollo (% del PBI),GB.XPD.RSDV.GD.ZS,https://api.worldbank.org/v2/country/PER;CHL;COL;MEX;BRA/indicator/GB.XPD.RSDV.GD.ZS?format=json&date=2016:2026&per_page=500,2026-08-27
Peru,2021,0.13754,Gasto en investigación y desarrollo (% del PBI),GB.XPD.RSDV.GD.ZS,https://api.worldbank.org/v2/country/PER;CHL;COL;MEX;BRA/indicator/GB.XPD.RSDV.GD.ZS?format=json&date=2016:2026&per_page=500,2026-08-27
Peru,2020,0.17229,Gasto en investigación y desarrollo (% del PBI),GB.XPD.RSDV.GD.ZS,https://api.worldbank.org/v2/country/PER;CHL;COL;MEX;BRA/indicator/GB.XPD.RSDV.GD.ZS?format=json&date=2016:2026&per_page=500,2026-08-27
Peru,2019,0.15696,Gasto en investigación y desarrollo (% del PBI),GB.XPD.RSDV.GD.ZS,https://api.worldbank.org/v2/country/PER;CHL;COL;MEX;BRA/indicator/GB.XPD.RSDV.GD.ZS?format=json&date=2016:2026&per_page=500,2026-08-27
Peru,2018,0.12683,Gasto en investigación y desarrollo (% del PBI),GB.XPD.RSDV.GD.ZS,https://api.worldbank.org/v2/country/PER;CHL;COL;MEX;BRA/indicator/GB.XPD.RSDV.GD.ZS?format=json&date=2016:2026&per_page=500,2026-08-27
Peru,2017,0.12085,Gasto en investigación y desarrollo (% del PBI),GB.XPD.RSDV.GD.ZS,https://api.worldbank.org/v2/country/PER;CHL;COL;MEX;BRA/indicator/GB.XPD.RSDV.GD.ZS?format=json&date=2016:2026&per_page=500,2026-08-27
Peru,2016,0.12008,Gasto en investigación y desarrollo (% del PBI),GB.XPD.RSDV.GD.ZS,https://api.worldbank.org/v2/country/PER;CHL;COL;MEX;BRA/indicator/GB.XPD.RSDV.GD.ZS?format=json&date=2016:2026&per_page=500,2026-08-27
